{
  "uuid": "ba5c68b8-89ea-3d30-82fe-90d817d5eaf0",
  "starterPrompted": true,
  "starterLocked": false,
  "starterSelected": true,
  "starterUUID": "e3a9f89b-3a62-4be6-a0a2-2c3fe71ff87f",
  "keyItems": [],
  "battleTheme": "cobblemon:battle.pvp.default",
  "extraData": {},
  "advancementData": {
    "totalCaptureCount": 12,
    "totalEggsHatched": 0,
    "totalEvolvedCount": 3,
    "totalBattleVictoryCount": 27,
    "totalPvPBattleVictoryCount": 1,
    "totalPvWBattleVictoryCount": 26,
    "totalPvNBattleVictoryCount": 0,
    "totalShinyCaptureCount": 0,
    "totalTradedCount": 1,
    "totalTypeCaptureCounts": {
      "fire": 1,
      "normal": 3,
      "electric": 2,
      "bug": 1,
      "flying": 2,
      "steel": 2,
      "rock": 1,
      "fairy": 3,
      "ghost": 1
    },
    "totalDefeatedCounts": {
      "cobblemon:sandshrew": 1,
      "cobblemon:buneary": 1,
      "cobblemon:pidove": 1,
      "cobblemon:geodude": 3,
      "cobblemon:graveler": 1,
      "cobblemon:voltorb": 1,
      "cobblemon:patrat": 1,
      "cobblemon:wooloo": 1,
      "cobblemon:taillow": 1,
      "cobblemon:mankey": 1,
      "cobblemon:misdreavus": 1,
      "cobblemon:diggersby": 1,
      "cobblemon:buizel": 1
    },
    "aspectsCollected": {}
  }
}