{
  "uuid": "101ddae2-8c7f-3d4b-a724-19155506fc3f",
  "starterPrompted": true,
  "starterLocked": false,
  "starterSelected": true,
  "starterUUID": "8b323a62-a70f-4c73-8f55-e4c63739361a",
  "keyItems": [],
  "battleTheme": "cobblemon:battle.pvp.default",
  "extraData": {},
  "advancementData": {
    "totalCaptureCount": 2,
    "totalEggsHatched": 0,
    "totalEvolvedCount": 0,
    "totalBattleVictoryCount": 2,
    "totalPvPBattleVictoryCount": 0,
    "totalPvWBattleVictoryCount": 2,
    "totalPvNBattleVictoryCount": 0,
    "totalShinyCaptureCount": 0,
    "totalTradedCount": 0,
    "totalTypeCaptureCounts": {
      "normal": 1,
      "flying": 1,
      "fighting": 1,
      "ice": 1
    },
    "totalDefeatedCounts": {},
    "aspectsCollected": {}
  }
}