{
  "uuid": "101ddae2-8c7f-3d4b-a724-19155506fc3f",
  "starterPrompted": true,
  "starterLocked": false,
  "starterSelected": true,
  "starterUUID": "8b323a62-a70f-4c73-8f55-e4c63739361a",
  "keyItems": [],
  "battleTheme": "cobblemon:battle.pvp.default",
  "extraData": {},
  "advancementData": {
    "totalCaptureCount": 10,
    "totalEggsHatched": 0,
    "totalEvolvedCount": 2,
    "totalBattleVictoryCount": 11,
    "totalPvPBattleVictoryCount": 0,
    "totalPvWBattleVictoryCount": 11,
    "totalPvNBattleVictoryCount": 0,
    "totalShinyCaptureCount": 0,
    "totalTradedCount": 1,
    "totalTypeCaptureCounts": {
      "normal": 5,
      "flying": 1,
      "fighting": 1,
      "ice": 1,
      "steel": 1,
      "rock": 1,
      "poison": 2,
      "fire": 1,
      "ground": 2,
      "bug": 1
    },
    "totalDefeatedCounts": {
      "cobblemon:maschiff": 1
    },
    "aspectsCollected": {}
  }
}