{"stats":{"minecraft:crafted":{"minecraft:oak_planks":6,"minecraft:diamond_sword":1,"minecraft:cooked_porkchop":6,"minecraft:crafting_table":2,"comforts:sleeping_bag_white":1,"minecraft:wooden_pickaxe":1,"minecraft:furnace":1,"minecraft:stone_axe":1,"minecraft:air":38,"minecraft:white_wool":1,"minecraft:diamond_pickaxe":1,"minecraft:shield":1,"minecraft:stick":1,"minecraft:stone_pickaxe":1,"minecraft:stone_sword":1},"minecraft:killed":{"minecraft:pig":1,"cobblemon:pokemon":2,"minecraft:zombie_villager":1,"alexsmobs:raccoon":1,"minecraft:spider":2,"minecraft:skeleton":4,"minecraft:zombie":5},"minecraft:mined":{"minecraft:granite":4,"minecraft:crafting_table":4,"minecraft:grass_block":4,"minecraft:chest":1,"minecraft:tall_grass":2,"minecraft:cobblestone":1,"supplementaries:urn":6,"minecraft:furnace":1,"minecraft:iron_ore":18,"minecraft:andesite":2,"minecraft:grass":5,"minecraft:coal_ore":1,"minecraft:oak_log":6,"minecraft:dirt":4,"minecraft:cobweb":6,"minecraft:stone":61},"minecraft:killed_by":{"minecraft:zombie":1},"minecraft:dropped":{"minecraft:wheat_seeds":1,"minecraft:stone_sword":1,"minecraft:crafting_table":1,"minecraft:cooked_porkchop":2,"minecraft:cobblestone":3,"minecraft:rotten_flesh":4,"minecraft:coal":2,"minecraft:filled_map":1,"supplementaries:flax_seeds":1,"minecraft:dirt":11,"minecraft:mutton":1,"minecraft:andesite":2,"minecraft:chest":1,"tombstone:grave_dust":1,"minecraft:spider_eye":1,"minecraft:stone_pickaxe":1,"minecraft:wooden_pickaxe":3,"minecraft:bone":2},"minecraft:picked_up":{"minecraft:crafting_table":4,"minecraft:andesite":2,"minecraft:wooden_pickaxe":2,"minecraft:filled_map":1,"supplementaries:flax_seeds":1,"minecraft:oak_log":6,"minecraft:dirt":15,"minecraft:string":7,"minecraft:raw_copper":4,"minecraft:bone":2,"minecraft:wheat_seeds":1,"minecraft:gold_nugget":22,"minecraft:chest":3,"minecraft:furnace":1,"minecraft:raw_iron":15,"cobblemon:azure_ball":1,"minecraft:stick":8,"minecraft:torch":7,"minecraft:porkchop":6,"cobblemon:max_revive":1,"artifacts:scarf_of_invisibility":1,"minecraft:spider_eye":1,"alexsmobs:animal_dictionary":1,"minecraft:arrow":1,"minecraft:rotten_flesh":6,"minecraft:diamond":5,"supplementaries:antique_ink":3,"minecraft:granite":4,"minecraft:emerald":5,"minecraft:mutton":3,"minecraft:coal":1,"minecraft:white_wool":2,"minecraft:cobblestone":66},"minecraft:used":{"minecraft:stone_sword":51,"minecraft:stone_pickaxe":24,"minecraft:chest":1,"minecraft:wooden_pickaxe":17,"minecraft:cooked_salmon":3,"minecraft:rotten_flesh":2,"minecraft:torch":1,"minecraft:dirt":4,"minecraft:crafting_table":4,"minecraft:granite":4,"minecraft:diamond_pickaxe":53,"minecraft:apple":5,"minecraft:stone_axe":10,"minecraft:diamond_sword":4,"minecraft:cobblestone":36,"minecraft:furnace":1,"minecraft:cooked_porkchop":4,"tombstone:gift":4,"alexsmobs:animal_dictionary":1,"minecraft:cobweb":6},"minecraft:custom":{"minecraft:interact_with_furnace":5,"minecraft:mob_kills":16,"minecraft:interact_with_cartography_table":1,"minecraft:interact_with_crafting_table":11,"minecraft:open_barrel":3,"minecraft:leave_game":1,"minecraft:time_since_death":16793,"minecraft:time_since_rest":14394,"minecraft:sprint_one_cm":76778,"minecraft:damage_taken":3860,"minecraft:walk_one_cm":105184,"minecraft:drop":27,"minecraft:damage_dealt":2829,"minecraft:swim_one_cm":11397,"minecraft:fly_one_cm":95687,"minecraft:open_chest":4,"minecraft:crouch_one_cm":5837,"minecraft:play_time":55106,"tombstone:undead_killed":10,"minecraft:deaths":2,"minecraft:sneak_time":2062,"minecraft:walk_under_water_one_cm":5061,"minecraft:jump":626,"minecraft:walk_on_water_one_cm":4892,"minecraft:total_world_time":55106,"minecraft:fall_one_cm":16309}},"DataVersion":3465}