{"stats":{"minecraft:crafted":{"minecraft:oak_planks":27,"minecraft:cooked_chicken":5,"iceandfire:lectern":1,"iceandfire:tide_teal_chestplate":1,"minecraft:cooked_mutton":12,"minecraft:iron_boots":1,"minecraft:chest":1,"minecraft:oak_button":1,"minecraft:cooked_porkchop":21,"sophisticatedbackpacks:backpack":1,"minecraft:crafting_table":7,"minecraft:wooden_pickaxe":1,"minecraft:iron_chestplate":2,"minecraft:diamond_pickaxe":1,"minecraft:shield":1,"iceandfire:tide_teal_helmet":1,"iceandfire:tide_teal_leggings":1,"minecraft:stick":5,"minecraft:iron_ingot":18,"minecraft:stone_sword":1,"minecraft:gold_ingot":24,"iceandfire:tide_deepblue_boots":1,"minecraft:stone_shovel":1,"comforts:sleeping_bag_white":1,"minecraft:furnace":1,"iceandfire:dragon_flute":1,"minecraft:stone_pickaxe":1,"sophisticatedbackpacks:iron_backpack":1,"minecraft:cooked_beef":14,"minecraft:cooked_cod":3,"minecraft:diamond_sword":1,"iceandfire:silver_ingot":16,"minecraft:cooked_salmon":1,"sophisticatedbackpacks:gold_backpack":1,"minecraft:stone_axe":1,"minecraft:air":159,"minecraft:jungle_planks":5,"minecraft:oak_boat":2,"supplementaries:speaker_block":1,"iceandfire:bestiary":1,"minecraft:white_wool":1,"minecraft:iron_leggings":2},"minecraft:killed":{"minecraft:spider":9,"minecraft:skeleton":10,"minecraft:chicken":5,"iceandfire:myrmex_worker":3,"minecraft:pig":5,"minecraft:zombie_villager":1,"minecraft:sheep":8,"minecraft:zombie":25,"iceandfire:myrmex_queen":1,"alexsmobs:fly":1,"iceandfire:sea_serpent":2,"minecraft:cow":6,"alexsmobs:raccoon":1,"alexsmobs:seagull":1,"minecraft:drowned":11,"cobblemon:pokemon":15,"iceandfire:myrmex_soldier":3,"iceandfire:ghost":5,"minecraft:enderman":1},"minecraft:mined":{"minecraft:granite":4,"minecraft:grass_block":21,"minecraft:jungle_log":2,"iceandfire:lectern":1,"supplementaries:speaker_block":1,"minecraft:tall_seagrass":4,"minecraft:iron_ore":22,"minecraft:pumpkin":1,"iceandfire:gold_pile":19,"minecraft:iron_bars":2,"minecraft:tripwire":1,"minecraft:cut_sandstone":4,"minecraft:smoker":3,"iceandfire:myrmex_resin_jungle":1,"cobblemon:apricorn_leaves":2,"iceandfire:ghost_chest":2,"minecraft:chest":1,"supplementaries:wild_flax":3,"iceandfire:fire_lily":1,"minecraft:cobblestone":1,"minecraft:sugar_cane":2,"minecraft:seagrass":1,"minecraft:light_blue_terracotta":1,"minecraft:wither_rose":1,"minecraft:grass":81,"minecraft:oak_log":21,"minecraft:sand":6,"minecraft:dirt":14,"minecraft:oak_leaves":11,"iceandfire:lightning_lily":1,"iceandfire:silver_ore":1,"minecraft:ladder":2,"minecraft:furnace":6,"minecraft:suspicious_sand":2,"minecraft:andesite":2,"minecraft:gold_block":1,"minecraft:vine":2,"iceandfire:myrmex_resin_sticky_jungle":1,"minecraft:stone":74,"supplementaries:book_pile_horizontal":1,"minecraft:polished_granite":1,"minecraft:crafting_table":9,"cobblemon:cyan_mint":1,"minecraft:tall_grass":23,"supplementaries:urn":6,"iceandfire:myrmex_jungle_biolight":5,"minecraft:coal_ore":25,"iceandfire:silver_pile":13,"minecraft:cocoa":4,"minecraft:cobweb":6,"minecraft:oak_button":3,"minecraft:fern":2},"minecraft:killed_by":{"minecraft:zombie":1},"minecraft:dropped":{"iceandfire:raw_silver":1,"minecraft:cooked_beef":2,"minecraft:oak_log":5,"supplementaries:speaker_block":1,"minecraft:glass_bottle":1,"minecraft:crafting_table":1,"minecraft:cooked_porkchop":2,"minecraft:jungle_planks":2,"iceandfire:ectoplasm":5,"iceandfire:graveyard_soil":5,"minecraft:gold_block":1,"minecraft:dirt":27,"cobblemon:white_apricorn":1,"minecraft:mutton":1,"minecraft:cut_sandstone":2,"cobblemon:green_apricorn":4,"minecraft:gold_nugget":10,"minecraft:sand":5,"minecraft:fishing_rod":1,"minecraft:white_wool":5,"iceandfire:myrmex_resin_jungle":2,"iceandfire:myrmex_jungle_chitin":5,"minecraft:bone":11,"minecraft:sugar_cane":6,"alexsmobs:animal_dictionary":2,"cobblemon:rare_candy":3,"minecraft:rotten_flesh":10,"minecraft:oak_planks":1,"iceandfire:myrmex_resin_sticky_jungle":1,"supplementaries:antique_ink":3,"supplementaries:flax_seeds":4,"supplementaries:ash":1,"iceandfire:ghost_chest":2,"minecraft:gunpowder":3,"minecraft:skeleton_skull":1,"minecraft:chest":2,"comforts:sleeping_bag_white":1,"minecraft:iron_bars":1,"artifacts:scarf_of_invisibility":1,"iceandfire:manuscript":6,"minecraft:iron_ingot":6,"minecraft:wheat_seeds":6,"cobblemon:green_apricorn_seed":1,"minecraft:feather":4,"minecraft:cobblestone":16,"minecraft:copper_ingot":2,"minecraft:coal":2,"minecraft:stick":2,"minecraft:cobweb":2,"minecraft:gray_wool":4,"iceandfire:copper_nugget":46,"iceandfire:myrmex_jungle_biolight":14,"tombstone:grave_dust":4,"minecraft:potion":2,"minecraft:iron_leggings":1,"minecraft:wither_rose":1,"minecraft:pumpkin":1,"minecraft:heart_of_the_sea":1,"minecraft:string":1,"minecraft:bucket":2,"iceandfire:dragonbone":3,"iceandfire:silver_nugget":4,"minecraft:stone_sword":1,"minecraft:raw_copper":4,"minecraft:stone_shovel":1,"minecraft:iron_boots":2,"sophisticatedbackpacks:backpack":3,"minecraft:filled_map":3,"cobblemon:exp_candy_xs":2,"minecraft:oak_button":1,"iceandfire:copper_sword":1,"iceandfire:dragonscales_amythest":19,"minecraft:iron_chestplate":1,"minecraft:andesite":2,"iceandfire:silver_ingot":2,"minecraft:spider_eye":5,"minecraft:stone_pickaxe":1,"minecraft:wooden_pickaxe":3,"iceandfire:dragon_skull_lightning":4},"minecraft:picked_up":{"minecraft:iron_chestplate":1,"iceandfire:copper_sword":1,"minecraft:wither_rose":1,"iceandfire:myrmex_jungle_chitin":21,"iceandfire:manuscript":14,"minecraft:string":15,"iceandfire:sea_serpent_scales_teal":35,"minecraft:raw_copper":4,"minecraft:iron_leggings":1,"minecraft:gold_nugget":217,"minecraft:bucket":2,"comforts:sleeping_bag_white":6,"cobblemon:oran_berry":1,"minecraft:iron_boots":1,"minecraft:furnace":7,"supplementaries:speaker_block":1,"iceandfire:ghost_chest":2,"minecraft:stick":8,"minecraft:torch":7,"iceandfire:myrmex_resin_sticky_jungle":1,"minecraft:porkchop":21,"tombstone:grave_dust":3,"iceandfire:lightning_lily":1,"minecraft:rotten_flesh":23,"supplementaries:antique_ink":3,"supplementaries:ash":1,"minecraft:cod":3,"minecraft:iron_bars":1,"minecraft:cobblestone":82,"minecraft:feather":4,"minecraft:andesite":2,"minecraft:jungle_log":2,"minecraft:smoker":3,"supplementaries:flax_seeds":4,"minecraft:dirt":41,"minecraft:bone":29,"iceandfire:myrmex_jungle_resin":5,"minecraft:wheat_seeds":6,"immersive_paintings:graffiti":4,"iceandfire:dragonscales_amythest":19,"cobblemon:rare_candy":3,"minecraft:sand":5,"cobblemon:max_revive":1,"iceandfire:myrmex_stinger":1,"alexsmobs:animal_dictionary":1,"minecraft:bundle":1,"minecraft:diamond":5,"iceandfire:lectern":1,"minecraft:granite":4,"iceandfire:myrmex_jungle_biolight":14,"minecraft:emerald":5,"alexsmobs:maggot":2,"iceandfire:silver_nugget":148,"iceandfire:raw_silver":1,"minecraft:fishing_rod":1,"iceandfire:dragon_skull_lightning":4,"minecraft:cocoa_beans":12,"minecraft:crafting_table":8,"minecraft:chicken":5,"iceandfire:fire_lily":1,"minecraft:wooden_pickaxe":2,"minecraft:gold_block":2,"cobblemon:white_apricorn":1,"iceandfire:ghost_ingot":1,"iceandfire:graveyard_soil":5,"cobblemon:green_apricorn":4,"minecraft:beef":14,"minecraft:oak_boat":5,"minecraft:sugar_cane":6,"minecraft:chest":3,"cobblemon:green_apricorn_seed":2,"minecraft:raw_iron":18,"iceandfire:dragonbone":8,"minecraft:copper_ingot":2,"sophisticatedbackpacks:backpack":2,"iceandfire:silver_ingot":4,"minecraft:arrow":9,"sophisticatedbackpacks:copper_backpack":1,"minecraft:mutton":13,"minecraft:skeleton_skull":1,"minecraft:white_wool":7,"iceandfire:sea_serpent_fang":12,"minecraft:salmon":1,"minecraft:cut_sandstone":2,"minecraft:leather":6,"minecraft:filled_map":2,"minecraft:oak_log":26,"iceandfire:ectoplasm":5,"minecraft:gunpowder":3,"iceandfire:myrmex_resin_jungle":2,"minecraft:heart_of_the_sea":1,"minecraft:iron_ingot":8,"minecraft:cobweb":4,"minecraft:glass_bottle":1,"iceandfire:sea_serpent_scales_deepblue":4,"minecraft:book":1,"cobblemon:azure_ball":1,"cobblemon:exp_candy_xs":2,"iceandfire:copper_nugget":46,"minecraft:pumpkin":1,"artifacts:scarf_of_invisibility":1,"minecraft:spider_eye":5,"iceandfire:myrmex_jungle_egg":3,"minecraft:gray_wool":4,"minecraft:oak_button":3,"tombstone:magic_scroll":1,"minecraft:black_wool":1,"minecraft:coal":166,"minecraft:ender_pearl":1},"minecraft:used":{"iceandfire:lectern":1,"minecraft:chest":1,"minecraft:shield":12,"minecraft:rotten_flesh":5,"iceandfire:lightning_lily":1,"minecraft:furnace":7,"minecraft:cooked_cod":1,"minecraft:stone_pickaxe":24,"minecraft:oak_planks":18,"minecraft:ender_pearl":1,"minecraft:wooden_pickaxe":17,"immersive_paintings:graffiti":1,"cobblemon:green_apricorn_seed":1,"minecraft:string":1,"minecraft:diamond_sword":419,"minecraft:oak_boat":7,"iceandfire:fire_lily":1,"minecraft:cobweb":6,"minecraft:stone_sword":51,"minecraft:stone_shovel":1,"minecraft:cooked_salmon":4,"minecraft:cooked_chicken":5,"minecraft:stick":2,"minecraft:torch":1,"minecraft:dirt":14,"iceandfire:copper_sword":2,"minecraft:granite":4,"alexsmobs:maggot":2,"supplementaries:speaker_block":1,"tombstone:gift":6,"comforts:sleeping_bag_white":5,"minecraft:cooked_beef":10,"minecraft:cooked_mutton":10,"minecraft:bundle":1,"minecraft:crafting_table":13,"minecraft:smoker":2,"minecraft:book":1,"minecraft:diamond_pickaxe":154,"minecraft:black_wool":1,"minecraft:apple":5,"minecraft:oak_button":3,"minecraft:map":1,"minecraft:stone_axe":52,"minecraft:fishing_rod":4,"minecraft:cobblestone":49,"minecraft:cooked_porkchop":19,"alexsmobs:animal_dictionary":1,"iceandfire:tide_deepblue_boots":1},"minecraft:custom":{"minecraft:interact_with_crafting_table":39,"minecraft:open_barrel":3,"minecraft:leave_game":2,"minecraft:time_since_death":58753,"minecraft:sprint_one_cm":410565,"minecraft:damage_blocked_by_shield":644,"minecraft:drop":149,"minecraft:talked_to_villager":2,"minecraft:play_time":264910,"minecraft:deaths":3,"minecraft:jump":2777,"minecraft:walk_on_water_one_cm":20761,"minecraft:interact_with_furnace":36,"minecraft:interact_with_cartography_table":1,"minecraft:sleep_in_bed":5,"minecraft:waystone_activated":1,"minecraft:damage_dealt":23541,"minecraft:crouch_one_cm":11582,"tombstone:undead_killed":52,"minecraft:interact_with_smoker":15,"minecraft:mob_kills":113,"minecraft:climb_one_cm":3377,"minecraft:walk_one_cm":404632,"minecraft:damage_dealt_absorbed":80,"minecraft:sneak_time":4678,"minecraft:walk_under_water_one_cm":66358,"minecraft:boat_one_cm":156584,"minecraft:total_world_time":264910,"minecraft:time_since_rest":11434,"minecraft:damage_taken":9123,"minecraft:trigger_trapped_chest":1,"minecraft:swim_one_cm":83527,"minecraft:fly_one_cm":651821,"minecraft:open_chest":30,"minecraft:fish_caught":4,"minecraft:fall_one_cm":93457}},"DataVersion":3465}