{"stats":{"minecraft:broken":{"iceandfire:tide_teal_boots":1,"iceandfire:myrmex_jungle_leggings":1,"iceandfire:tide_teal_helmet":1,"minecraft:shield":3,"iceandfire:tide_teal_leggings":1},"minecraft:custom":{"minecraft:interact_with_crafting_table":72,"minecraft:open_barrel":24,"goblintraders:trade_with_goblin":28,"minecraft:leave_game":5,"minecraft:time_since_death":109555,"minecraft:sprint_one_cm":1378400,"minecraft:damage_blocked_by_shield":9694,"minecraft:drop":352,"minecraft:talked_to_villager":11,"minecraft:play_time":793044,"minecraft:deaths":17,"minecraft:jump":10386,"minecraft:walk_on_water_one_cm":81089,"minecraft:interact_with_furnace":46,"minecraft:traded_with_villager":2,"minecraft:interact_with_cartography_table":1,"minecraft:interact_with_loom":11,"minecraft:sleep_in_bed":14,"minecraft:waystone_activated":8,"minecraft:damage_dealt":65245,"minecraft:crouch_one_cm":25668,"tombstone:undead_killed":117,"tombstone:villager_killed":2,"minecraft:interact_with_smoker":23,"minecraft:interact_with_smithing_table":1,"minecraft:interact_with_anvil":1,"minecraft:mob_kills":283,"minecraft:climb_one_cm":7286,"minecraft:walk_one_cm":1179121,"minecraft:damage_dealt_absorbed":80,"minecraft:raid_win":1,"minecraft:sneak_time":11046,"minecraft:walk_under_water_one_cm":139340,"minecraft:boat_one_cm":474309,"minecraft:interact_with_blast_furnace":1,"minecraft:total_world_time":793044,"tombstone:raider_killed":18,"minecraft:time_since_rest":93566,"minecraft:damage_taken":29924,"minecraft:trigger_trapped_chest":1,"minecraft:swim_one_cm":228782,"minecraft:fly_one_cm":2569563,"minecraft:open_chest":72,"minecraft:fish_caught":4,"minecraft:fall_one_cm":316929},"minecraft:used":{"iceandfire:lectern":2,"iceandfire:tide_trident":29,"alexsmobs:sopa_de_macaco":1,"minecraft:chest":1,"minecraft:white_terracotta":1,"minecraft:shield":86,"minecraft:iron_sword":5,"minecraft:bell":1,"minecraft:rotten_flesh":18,"supplementaries:globe":1,"iceandfire:lightning_lily":1,"minecraft:bow":12,"minecraft:furnace":8,"minecraft:cooked_cod":1,"minecraft:diorite":9,"minecraft:oak_planks":18,"minecraft:stone_pickaxe":24,"iceandfire:armor_green_helmet":1,"minecraft:ender_pearl":1,"minecraft:wooden_pickaxe":17,"minecraft:sand":3,"minecraft:light_gray_terracotta":1,"minecraft:shears":4,"immersive_paintings:graffiti":1,"cobblemon:green_apricorn_seed":1,"minecraft:bread":43,"minecraft:string":2,"tombstone:grave_key":8,"minecraft:diamond_sword":1174,"sons_of_sins:flesh_of_demise":1,"cobblemon:medicinal_leek":2,"minecraft:andesite":23,"minecraft:oak_boat":11,"iceandfire:fire_lily":1,"minecraft:cobweb":11,"alexsmobs:banana_peel":1,"minecraft:stone_sword":51,"iceandfire:tide_teal_boots":1,"minecraft:stone_shovel":1,"minecraft:cooked_salmon":4,"minecraft:cooked_chicken":5,"minecraft:stick":2,"minecraft:torch":6,"minecraft:dirt":60,"iceandfire:myrmex_jungle_leggings":1,"iceandfire:copper_sword":2,"alexsmobs:cooked_kangaroo_meat":3,"iceandfire:armor_green_chestplate":1,"minecraft:granite":17,"alexsmobs:maggot":4,"minecraft:chipped_anvil":1,"minecraft:iron_axe":29,"cobblemon:pink_apricorn_seed":1,"supplementaries:speaker_block":1,"alexscaves:spelunkery_table":3,"minecraft:gunpowder":1,"minecraft:beef":3,"alexsmobs:banana":1,"tombstone:gift":8,"comforts:sleeping_bag_white":13,"minecraft:cooked_beef":51,"minecraft:cobbled_deepslate":35,"minecraft:orange_terracotta":4,"minecraft:acacia_boat":3,"minecraft:cooked_mutton":10,"iceandfire:fire_dragon_flesh":4,"minecraft:bundle":1,"minecraft:crafting_table":27,"iceandfire:tide_teal_helmet":1,"alexsmobs:leafcutter_ant_pupa":1,"minecraft:smoker":4,"minecraft:book":1,"tombstone:bag_of_seeds":1,"minecraft:black_wool":1,"minecraft:diamond_pickaxe":797,"minecraft:apple":5,"minecraft:oak_button":3,"minecraft:map":1,"iceandfire:myrmex_jungle_egg":3,"minecraft:stone_axe":77,"minecraft:fishing_rod":4,"minecraft:cobblestone":372,"minecraft:cooked_porkchop":27,"alexsmobs:animal_dictionary":1,"iceandfire:tide_deepblue_boots":1},"minecraft:killed_by":{"iceandfire:cyclops":6,"minecraft:zombie":2,"iceandfire:cockatrice":1},"minecraft:killed":{"alexsmobs:hummingbird":1,"minecraft:witch":3,"minecraft:spider":26,"minecraft:skeleton":37,"alexsmobs:leafcutter_ant":3,"minecraft:chicken":5,"alexsmobs:centipede_head":1,"alexsmobs:kangaroo":2,"artifacts:mimic":2,"iceandfire:myrmex_worker":3,"minecraft:pig":9,"minecraft:zombie_villager":1,"minecraft:creeper":5,"minecraft:sheep":8,"minecraft:pillager":11,"minecraft:zombie":59,"iceandfire:myrmex_queen":1,"alexsmobs:fly":2,"minecraft:blaze":4,"iceandfire:sea_serpent":3,"minecraft:cow":14,"alexsmobs:raccoon":2,"minecraft:vindicator":2,"alexsmobs:seagull":2,"minecraft:horse":2,"iceandfire:fire_dragon":2,"alexsmobs:bison":5,"minecraft:drowned":11,"cobblemon:pokemon":20,"iceandfire:cyclops":2,"minecraft:wandering_trader":1,"minecraft:ravager":2,"alexsmobs:emu":2,"iceandfire:myrmex_soldier":3,"sons_of_sins:betrayed_guzzler":2,"iceandfire:ghost":9,"minecraft:villager":1,"minecraft:enderman":2},"minecraft:dropped":{"cobblemon:pinap_berry":24,"minecraft:iron_sword":2,"iceandfire:raw_silver":1,"minecraft:brown_mushroom":1,"minecraft:birch_planks":4,"iceandfire:tide_teal_chestplate":1,"minecraft:cooked_beef":6,"cobblemon:berry_juice":8,"minecraft:oak_log":16,"supplementaries:speaker_block":1,"minecraft:glass_bottle":1,"minecraft:crafting_table":2,"minecraft:cooked_porkchop":2,"iceandfire:fire_dragon_flesh":1,"cobblemon:persim_berry":6,"minecraft:jungle_planks":4,"iceandfire:ectoplasm":5,"iceandfire:graveyard_soil":5,"minecraft:cod":7,"minecraft:gold_block":1,"minecraft:dirt":58,"cobblemon:razz_berry":12,"minecraft:grass":1,"cobblemon:white_apricorn":1,"minecraft:mutton":1,"minecraft:cooked_cod":2,"minecraft:cut_sandstone":2,"cobblemon:green_apricorn":6,"minecraft:chain":2,"minecraft:jungle_sapling":8,"minecraft:gold_nugget":13,"alexsmobs:emu_feather":1,"minecraft:bone_meal":10,"minecraft:sand":5,"minecraft:birch_log":1,"minecraft:fishing_rod":1,"iceandfire:myrmex_resin_jungle":2,"minecraft:white_wool":12,"alexsmobs:sopa_de_macaco":1,"iceandfire:myrmex_jungle_chitin":5,"minecraft:bone":15,"minecraft:stone_axe":1,"minecraft:cobbled_deepslate":3,"minecraft:sugar_cane":6,"minecraft:iron_nugget":2,"cobblemon:big_root":1,"alexsmobs:animal_dictionary":2,"cobblemon:rare_candy":3,"minecraft:wheat":4,"cobblemon:cheri_berry":11,"minecraft:rotten_flesh":26,"minecraft:oak_planks":20,"alexsmobs:cachalot_whale_tooth":1,"iceandfire:myrmex_resin_sticky_jungle":1,"supplementaries:antique_ink":3,"sophisticatedbackpacks:smoking_upgrade":2,"minecraft:poppy":1,"supplementaries:flax_seeds":10,"supplementaries:ash":8,"cobblemon:white_apricorn_seed":2,"iceandfire:ghost_chest":5,"minecraft:gunpowder":3,"minecraft:charcoal":2,"minecraft:skeleton_skull":1,"minecraft:beetroot_seeds":2,"minecraft:jungle_log":36,"minecraft:chest":2,"cobblemon:fire_stone":4,"comforts:sleeping_bag_white":1,"minecraft:iron_bars":3,"artifacts:scarf_of_invisibility":1,"iceandfire:manuscript":6,"minecraft:iron_ingot":6,"minecraft:bread":8,"minecraft:oak_slab":2,"minecraft:birch_leaves":1,"minecraft:wheat_seeds":16,"minecraft:oak_fence":1,"cobblemon:green_apricorn_seed":1,"minecraft:feather":7,"minecraft:cobblestone":48,"minecraft:amethyst_block":3,"minecraft:granite":2,"minecraft:copper_ingot":14,"iceandfire:cyclops_eye":2,"minecraft:coal":2,"minecraft:stick":13,"cobblemon:pink_apricorn":1,"minecraft:cobweb":2,"iceandfire:tide_deepblue_boots":1,"cobblemon:medicinal_leek":6,"minecraft:gray_wool":4,"minecraft:diorite":10,"iceandfire:copper_nugget":46,"minecraft:torch":40,"iceandfire:myrmex_jungle_biolight":14,"tombstone:grave_key":1,"minecraft:rabbit":1,"minecraft:fire_charge":3,"tombstone:grave_dust":5,"minecraft:potion":2,"minecraft:iron_leggings":2,"minecraft:pumpkin":1,"minecraft:wither_rose":1,"minecraft:heart_of_the_sea":1,"minecraft:white_banner":1,"minecraft:string":4,"minecraft:bucket":2,"minecraft:acacia_planks":2,"iceandfire:dragon_skull_fire":1,"iceandfire:dragonbone":3,"minecraft:smooth_basalt":2,"iceandfire:silver_nugget":4,"minecraft:furnace":1,"minecraft:kelp":29,"alexsmobs:maggot":1,"minecraft:oak_trapdoor":3,"minecraft:coarse_dirt":4,"minecraft:stone_sword":1,"minecraft:raw_copper":4,"minecraft:cocoa_beans":21,"minecraft:tuff":6,"minecraft:bowl":6,"minecraft:stone_shovel":1,"minecraft:iron_boots":2,"minecraft:stripped_oak_log":2,"sophisticatedbackpacks:backpack":3,"minecraft:torchflower_seeds":4,"minecraft:shears":1,"minecraft:pumpkin_seeds":8,"iceandfire:myrmex_jungle_chestplate":1,"minecraft:filled_map":3,"cobblemon:exp_candy_xs":2,"minecraft:oak_button":1,"iceandfire:copper_sword":1,"minecraft:bundle":1,"iceandfire:dragonscales_amythest":19,"minecraft:iron_chestplate":4,"minecraft:andesite":3,"artifacts:steadfast_spikes":1,"iceandfire:silver_ingot":2,"cobblemon:energy_root":1,"minecraft:oak_sapling":7,"minecraft:carved_pumpkin":2,"minecraft:spider_eye":8,"sophisticatedbackpacks:copper_backpack":1,"minecraft:stone_pickaxe":2,"minecraft:wooden_pickaxe":4,"minecraft:calcite":3,"iceandfire:dragon_skull_lightning":4,"minecraft:terracotta":11},"minecraft:picked_up":{"minecraft:iron_chestplate":2,"cobblemon:leaf_stone":1,"minecraft:wheat":2,"iceandfire:copper_sword":1,"minecraft:diamond_sword":1,"alexscaves:cave_tablet":2,"minecraft:wither_rose":1,"iceandfire:myrmex_jungle_chitin":21,"tombstone:grave_key":1,"minecraft:amethyst_block":3,"cobblemon:wepear_berry":12,"iceandfire:manuscript":25,"minecraft:string":47,"minecraft:raw_copper":4,"iceandfire:sea_serpent_scales_teal":35,"minecraft:iron_leggings":1,"iceandfire:sea_serpent_scales_bronze":1,"alexsmobs:banana":2,"alexsmobs:emu_feather":1,"cobblemon:white_apricorn_seed":2,"minecraft:gold_nugget":270,"minecraft:cobbled_deepslate":39,"minecraft:bucket":2,"comforts:sleeping_bag_white":14,"artifacts:aqua_dashers":1,"cobblemon:oran_berry":12,"minecraft:calcite":3,"cobblemon:big_root":1,"minecraft:iron_boots":1,"minecraft:furnace":8,"minecraft:stick":23,"iceandfire:ghost_chest":5,"supplementaries:speaker_block":1,"minecraft:oak_fence":1,"minecraft:torch":36,"minecraft:acacia_log":3,"iceandfire:myrmex_resin_sticky_jungle":1,"minecraft:porkchop":30,"tombstone:grave_dust":8,"minecraft:diorite":19,"iceandfire:lightning_lily":1,"minecraft:rotten_flesh":47,"supplementaries:antique_ink":9,"iceandfire:fire_dragon_heart":2,"minecraft:carved_pumpkin":2,"minecraft:white_terracotta":1,"supplementaries:ash":8,"minecraft:blaze_rod":1,"cobblemon:verdant_ball":9,"minecraft:iron_bars":3,"minecraft:cod":4,"minecraft:cobblestone":437,"minecraft:birch_log":3,"cobblemon:ultra_ball":1,"minecraft:cooked_beef":1,"minecraft:feather":7,"cobblemon:pinap_berry":24,"minecraft:andesite":26,"minecraft:jungle_log":43,"paraglider:spirit_orb":4,"alexsmobs:bison_fur":7,"minecraft:smoker":5,"cobblemon:razz_berry":14,"cobblemon:roseate_ball":2,"minecraft:tuff":6,"supplementaries:flute":1,"supplementaries:flax_seeds":10,"minecraft:acacia_boat":1,"minecraft:lapis_lazuli":94,"iceandfire:dragonscales_bronze":14,"minecraft:dirt":118,"minecraft:bone":51,"minecraft:chipped_anvil":1,"minecraft:acacia_planks":2,"iceandfire:myrmex_jungle_resin":5,"minecraft:bow":2,"minecraft:wheat_seeds":19,"immersive_paintings:graffiti":5,"minecraft:raw_gold":63,"minecraft:bell":1,"cobblemon:thunder_stone":3,"minecraft:rabbit":1,"minecraft:glowstone_dust":2,"minecraft:oak_planks":6,"iceandfire:dragonscales_amythest":19,"cobblemon:sun_stone":1,"cobblemon:rare_candy":3,"iceandfire:dragon_skull_fire":2,"iceandfire:shiny_scales":3,"cobblemon:fire_stone":5,"minecraft:sand":8,"cobblemon:max_revive":1,"cobblemon:persim_berry":6,"iceandfire:myrmex_stinger":1,"alexsmobs:animal_dictionary":1,"sons_of_sins:flesh_of_demise":2,"minecraft:bundle":2,"minecraft:light_gray_terracotta":1,"minecraft:diamond":13,"iceandfire:lectern":2,"minecraft:grass":1,"minecraft:granite":19,"minecraft:bone_meal":5,"iceandfire:tide_trident":1,"iceandfire:myrmex_jungle_biolight":14,"minecraft:emerald":25,"minecraft:bread":3,"cobblemon:medicinal_leek":8,"alexsmobs:maggot":5,"minecraft:oak_sapling":7,"iceandfire:silver_nugget":148,"cobblemon:energy_root":1,"iceandfire:raw_silver":1,"minecraft:crafting_table":16,"iceandfire:dragon_skull_lightning":4,"minecraft:charcoal":2,"minecraft:fishing_rod":1,"minecraft:cocoa_beans":18,"minecraft:coarse_dirt":4,"artifacts:night_vision_goggles":1,"minecraft:chicken":5,"iceandfire:fire_lily":1,"minecraft:brown_mushroom":2,"minecraft:wooden_pickaxe":3,"minecraft:gold_block":2,"minecraft:oak_trapdoor":3,"cobblemon:white_apricorn":9,"iceandfire:ghost_ingot":1,"iceandfire:graveyard_soil":5,"cobblemon:green_apricorn":10,"minecraft:beef":72,"minecraft:oak_boat":7,"minecraft:jungle_sapling":8,"minecraft:poppy":1,"minecraft:sugar_cane":6,"minecraft:chest":3,"cobblemon:green_apricorn_seed":2,"minecraft:raw_iron":94,"iceandfire:dragonbone":26,"iceandfire:dragonscales_green":14,"cobblemon:love_ball":2,"minecraft:copper_ingot":36,"sophisticatedbackpacks:backpack":2,"minecraft:fire_charge":2,"minecraft:redstone":62,"alexsmobs:leafcutter_ant_pupa":1,"cobblemon:berry_juice":3,"minecraft:tnt":3,"iceandfire:cyclops_eye":4,"cobblemon:dawn_stone":3,"iceandfire:silver_ingot":8,"minecraft:arrow":18,"minecraft:shears":1,"minecraft:hay_block":16,"alexscaves:spelunkery_table":3,"minecraft:saddle":2,"sophisticatedbackpacks:copper_backpack":1,"alexsmobs:kangaroo_meat":3,"minecraft:mutton":16,"minecraft:skeleton_skull":1,"minecraft:white_wool":14,"minecraft:birch_leaves":1,"minecraft:stripped_oak_log":2,"alexsmobs:sopa_de_macaco":1,"iceandfire:sea_serpent_fang":13,"minecraft:salmon":1,"minecraft:cut_sandstone":2,"minecraft:leather":30,"minecraft:filled_map":2,"alexsmobs:cachalot_whale_tooth":1,"minecraft:oak_log":54,"iceandfire:ectoplasm":5,"minecraft:gunpowder":9,"sophisticatedbackpacks:smoking_upgrade":2,"iceandfire:myrmex_resin_jungle":2,"minecraft:white_banner":1,"cobblemon:pink_apricorn_seed":1,"minecraft:orange_terracotta":4,"minecraft:apple":2,"minecraft:kelp":77,"minecraft:heart_of_the_sea":1,"minecraft:iron_ingot":9,"minecraft:stone_pickaxe":1,"minecraft:cobweb":6,"tombstone:bag_of_seeds":1,"artifacts:steadfast_spikes":1,"minecraft:glass_bottle":1,"minecraft:iron_sword":1,"iceandfire:fire_dragon_flesh":7,"iceandfire:sea_serpent_scales_deepblue":4,"minecraft:book":1,"cobblemon:azure_ball":3,"minecraft:oak_slab":2,"cobblemon:exp_candy_xs":2,"iceandfire:copper_nugget":46,"minecraft:smooth_basalt":2,"minecraft:pumpkin":1,"cobblemon:cheri_berry":11,"minecraft:amethyst_shard":32,"minecraft:blast_furnace":1,"cobblemon:pink_apricorn":25,"artifacts:scarf_of_invisibility":1,"minecraft:spider_eye":8,"minecraft:pumpkin_seeds":8,"iceandfire:myrmex_jungle_egg":6,"cobblemon:water_stone":2,"minecraft:gray_wool":4,"minecraft:oak_button":3,"minecraft:terracotta":11,"tombstone:magic_scroll":2,"minecraft:black_wool":1,"minecraft:coal":265,"minecraft:ender_pearl":1},"minecraft:crafted":{"minecraft:oak_planks":77,"alexsmobs:banana_peel":2,"minecraft:cooked_chicken":5,"iceandfire:lectern":1,"iceandfire:tide_teal_chestplate":1,"sophisticatedbackpacks:crafting_upgrade":1,"paraglider:deku_leaf":1,"minecraft:cooked_mutton":12,"minecraft:bow":1,"minecraft:iron_boots":1,"iceandfire:armor_green_helmet":1,"iceandfire:myrmex_jungle_chestplate":1,"minecraft:chest":2,"minecraft:oak_button":1,"sophisticatedbackpacks:backpack":1,"minecraft:cooked_porkchop":28,"minecraft:crafting_table":15,"cobblemon:verdant_ball":4,"minecraft:wooden_pickaxe":1,"iceandfire:tide_teal_boots":1,"minecraft:birch_planks":8,"iceandfire:armor_green_chestplate":1,"sophisticatedbackpacks:upgrade_base":3,"minecraft:iron_chestplate":2,"minecraft:diamond_pickaxe":1,"minecraft:shield":3,"iceandfire:tide_teal_helmet":3,"iceandfire:tide_teal_leggings":1,"minecraft:stick":7,"minecraft:iron_ingot":67,"cobblemon:berry_juice":1,"minecraft:stone_sword":1,"minecraft:gold_ingot":62,"sophisticatedbackpacks:blasting_upgrade":1,"cobblemon:love_ball":16,"minecraft:shears":1,"iceandfire:tide_deepblue_boots":1,"cobblemon:mystic_water":1,"minecraft:stone_shovel":1,"comforts:sleeping_bag_white":1,"minecraft:furnace":1,"iceandfire:dragon_flute":1,"minecraft:bone_meal":5,"cobblemon:premier_ball":4,"supplementaries:globe":1,"minecraft:iron_axe":1,"minecraft:stone_pickaxe":1,"alexsmobs:sopa_de_macaco":1,"minecraft:wheat":16,"sophisticatedbackpacks:iron_backpack":1,"minecraft:cooked_beef":28,"paraglider:paraglider":1,"minecraft:cooked_cod":3,"minecraft:diamond_sword":1,"iceandfire:silver_ingot":16,"iceandfire:dragon_meal":1,"iceandfire:armor_bronze_boots":1,"iceandfire:tide_trident":1,"minecraft:bowl":12,"minecraft:cooked_salmon":1,"sophisticatedbackpacks:gold_backpack":1,"minecraft:acacia_boat":2,"cobblemon:roseate_ball":12,"minecraft:stone_axe":1,"minecraft:bread":50,"minecraft:air":416,"minecraft:jungle_planks":16,"supplementaries:speaker_block":1,"minecraft:oak_boat":4,"iceandfire:myrmex_jungle_leggings":1,"iceandfire:bestiary":1,"minecraft:white_wool":1,"minecraft:iron_leggings":2,"sophisticatedbackpacks:smoking_upgrade":1,"iceandfire:armor_bronze_leggings":1,"minecraft:acacia_planks":12},"minecraft:mined":{"minecraft:large_amethyst_bud":5,"minecraft:sculk_vein":3,"cobblemon:dawn_stone_ore":2,"alexsmobs:leafcutter_anthill":1,"minecraft:jungle_leaves":1,"cobblemon:deepslate_water_stone_ore":1,"minecraft:carved_pumpkin":2,"cobblemon:big_root":1,"minecraft:granite":18,"minecraft:budding_amethyst":2,"minecraft:acacia_log":3,"minecraft:grass_block":49,"minecraft:jungle_log":7,"iceandfire:lectern":2,"supplementaries:speaker_block":1,"minecraft:spawner":2,"minecraft:tall_seagrass":9,"minecraft:cobbled_deepslate":1,"minecraft:fire":12,"minecraft:iron_ore":51,"minecraft:pumpkin":1,"minecraft:deepslate_lapis_ore":5,"cobblemon:medicinal_leek":3,"iceandfire:gold_pile":25,"minecraft:iron_bars":3,"minecraft:tripwire":1,"iceandfire:chared_cobblestone":2,"minecraft:cut_sandstone":4,"minecraft:kelp_plant":16,"iceandfire:myrmex_resin_jungle":1,"minecraft:smoker":5,"minecraft:orange_terracotta":4,"minecraft:amethyst_cluster":6,"cobblemon:leaf_stone_ore":1,"cobblemon:apricorn_leaves":2,"minecraft:light_gray_terracotta":1,"minecraft:blast_furnace":1,"cobblemon:fire_stone_ore":1,"minecraft:calcite":3,"iceandfire:ghost_chest":4,"minecraft:chest":1,"minecraft:dead_bush":3,"supplementaries:wild_flax":4,"iceandfire:fire_lily":1,"cobblemon:pinap_berry":4,"cobblemon:energy_root":1,"minecraft:cobblestone":12,"minecraft:oak_planks":3,"minecraft:sugar_cane":2,"minecraft:amethyst_block":3,"minecraft:white_terracotta":1,"minecraft:seagrass":11,"minecraft:light_blue_terracotta":1,"minecraft:birch_log":3,"minecraft:tnt":3,"minecraft:wither_rose":1,"minecraft:grass":162,"minecraft:oak_log":39,"cobblemon:thunder_stone_ore":2,"minecraft:sand":9,"minecraft:dirt":35,"minecraft:smooth_basalt":2,"minecraft:deepslate":36,"minecraft:oak_leaves":21,"iceandfire:lightning_lily":1,"alexscaves:spelunkery_table":3,"minecraft:tuff":5,"iceandfire:silver_ore":1,"minecraft:deepslate_diamond_ore":5,"minecraft:ladder":2,"minecraft:kelp":28,"minecraft:hay_block":16,"minecraft:redstone_ore":12,"minecraft:furnace":7,"minecraft:suspicious_sand":2,"minecraft:andesite":26,"minecraft:bell":1,"minecraft:peony":1,"minecraft:gold_block":1,"minecraft:deepslate_iron_ore":29,"minecraft:vine":4,"minecraft:stripped_oak_log":2,"iceandfire:myrmex_resin_sticky_jungle":1,"minecraft:stone":434,"supplementaries:book_pile_horizontal":1,"minecraft:oak_slab":1,"minecraft:polished_granite":1,"minecraft:oak_fence":1,"minecraft:crafting_table":16,"minecraft:emerald_ore":7,"minecraft:deepslate_gold_ore":29,"minecraft:tall_grass":40,"cobblemon:cyan_mint":1,"minecraft:lapis_ore":3,"minecraft:diorite":19,"supplementaries:urn":38,"minecraft:coarse_dirt":2,"minecraft:birch_leaves":1,"iceandfire:myrmex_jungle_biolight":5,"minecraft:coal_ore":37,"iceandfire:silver_pile":13,"minecraft:cocoa":4,"minecraft:gravel":1,"minecraft:cobweb":21,"minecraft:terracotta":11,"minecraft:oak_button":3,"cobblemon:sun_stone_ore":1,"minecraft:chipped_anvil":1,"minecraft:gold_ore":18,"minecraft:fern":3}},"DataVersion":3465}