{"stats":{"minecraft:crafted":{"minecraft:oak_planks":4,"minecraft:cooked_porkchop":6,"minecraft:crafting_table":1,"minecraft:stick":1,"minecraft:wooden_pickaxe":1,"minecraft:stone_pickaxe":1,"minecraft:stone_sword":1,"minecraft:furnace":1,"minecraft:stone_axe":1,"minecraft:air":26},"minecraft:killed":{"minecraft:skeleton":2,"minecraft:zombie":4,"minecraft:pig":1},"minecraft:mined":{"minecraft:furnace":1,"minecraft:crafting_table":2,"minecraft:grass":3,"minecraft:grass_block":1,"minecraft:oak_log":6,"minecraft:chest":1,"minecraft:stone":17},"minecraft:killed_by":{"minecraft:zombie":1},"minecraft:picked_up":{"minecraft:crafting_table":2,"minecraft:stick":8,"minecraft:wooden_pickaxe":2,"minecraft:filled_map":1,"minecraft:porkchop":6,"cobblemon:max_revive":1,"minecraft:oak_log":6,"alexsmobs:animal_dictionary":1,"minecraft:dirt":3,"minecraft:bone":2,"minecraft:rotten_flesh":4,"minecraft:chest":3,"minecraft:cobblestone":21,"minecraft:furnace":1},"minecraft:dropped":{"minecraft:filled_map":1,"minecraft:dirt":1,"minecraft:crafting_table":1,"minecraft:chest":1,"tombstone:grave_dust":1,"minecraft:rotten_flesh":2,"minecraft:wooden_pickaxe":3,"minecraft:bone":2},"minecraft:used":{"minecraft:stone_sword":2,"minecraft:apple":5,"minecraft:stone_pickaxe":1,"minecraft:chest":1,"minecraft:wooden_pickaxe":17,"minecraft:rotten_flesh":2,"minecraft:stone_axe":4,"minecraft:dirt":2,"minecraft:crafting_table":1,"minecraft:furnace":1,"minecraft:cooked_porkchop":2,"alexsmobs:animal_dictionary":1,"tombstone:gift":2},"minecraft:custom":{"minecraft:time_since_rest":17150,"minecraft:interact_with_furnace":5,"minecraft:sprint_one_cm":27948,"minecraft:damage_taken":970,"minecraft:walk_one_cm":61218,"minecraft:mob_kills":7,"minecraft:drop":11,"minecraft:damage_dealt":917,"minecraft:swim_one_cm":11397,"minecraft:interact_with_crafting_table":6,"minecraft:fly_one_cm":17436,"minecraft:open_chest":2,"minecraft:crouch_one_cm":1930,"minecraft:play_time":31106,"tombstone:undead_killed":6,"minecraft:deaths":1,"minecraft:sneak_time":626,"minecraft:walk_under_water_one_cm":4623,"minecraft:jump":211,"minecraft:leave_game":1,"minecraft:walk_on_water_one_cm":2983,"minecraft:time_since_death":17740,"minecraft:total_world_time":31106,"minecraft:fall_one_cm":3104}},"DataVersion":3465}