{"stats":{"minecraft:crafted":{"minecraft:oak_planks":23,"comforts:sleeping_bag_white":1,"minecraft:cooked_chicken":1,"minecraft:furnace":1,"minecraft:cooked_mutton":6,"minecraft:iron_boots":1,"minecraft:stone_pickaxe":1,"minecraft:chest":1,"minecraft:oak_button":1,"minecraft:cooked_beef":14,"minecraft:diamond_sword":1,"sophisticatedbackpacks:backpack":1,"minecraft:cooked_porkchop":21,"minecraft:crafting_table":4,"minecraft:wooden_pickaxe":1,"minecraft:stone_axe":1,"minecraft:air":84,"supplementaries:speaker_block":1,"minecraft:oak_boat":1,"minecraft:white_wool":1,"minecraft:iron_chestplate":1,"minecraft:diamond_pickaxe":1,"minecraft:shield":1,"minecraft:stick":1,"minecraft:iron_ingot":15,"minecraft:stone_sword":1,"minecraft:gold_ingot":2,"minecraft:iron_leggings":1},"minecraft:killed":{"alexsmobs:raccoon":1,"minecraft:spider":6,"alexsmobs:seagull":1,"minecraft:skeleton":7,"minecraft:chicken":1,"minecraft:drowned":2,"minecraft:pig":5,"cobblemon:pokemon":11,"minecraft:zombie_villager":1,"minecraft:sheep":4,"minecraft:zombie":15,"iceandfire:ghost":1,"alexsmobs:fly":1,"minecraft:enderman":1,"iceandfire:sea_serpent":1,"minecraft:cow":6},"minecraft:mined":{"iceandfire:lightning_lily":1,"iceandfire:silver_ore":1,"minecraft:ladder":2,"minecraft:granite":4,"minecraft:grass_block":12,"supplementaries:speaker_block":1,"minecraft:furnace":5,"minecraft:iron_ore":22,"minecraft:andesite":2,"minecraft:pumpkin":1,"minecraft:vine":1,"minecraft:iron_bars":1,"minecraft:stone":66,"minecraft:smoker":1,"minecraft:crafting_table":8,"cobblemon:apricorn_leaves":2,"iceandfire:ghost_chest":1,"minecraft:chest":1,"supplementaries:wild_flax":2,"minecraft:tall_grass":20,"minecraft:cobblestone":1,"minecraft:sugar_cane":2,"supplementaries:urn":6,"minecraft:wither_rose":1,"minecraft:grass":63,"minecraft:oak_log":17,"minecraft:coal_ore":25,"minecraft:dirt":6,"minecraft:cobweb":6,"minecraft:oak_button":3},"minecraft:killed_by":{"minecraft:zombie":1},"minecraft:dropped":{"iceandfire:raw_silver":1,"minecraft:wheat_seeds":4,"minecraft:cooked_beef":2,"minecraft:oak_log":5,"supplementaries:speaker_block":1,"minecraft:crafting_table":1,"minecraft:cooked_porkchop":2,"minecraft:feather":1,"cobblemon:green_apricorn_seed":1,"minecraft:cobblestone":3,"iceandfire:ectoplasm":5,"minecraft:coal":2,"iceandfire:graveyard_soil":5,"minecraft:stick":2,"minecraft:dirt":13,"minecraft:gray_wool":4,"cobblemon:white_apricorn":1,"minecraft:mutton":1,"cobblemon:green_apricorn":4,"tombstone:grave_dust":1,"minecraft:potion":1,"minecraft:wither_rose":1,"minecraft:gold_nugget":9,"minecraft:pumpkin":1,"minecraft:heart_of_the_sea":1,"minecraft:white_wool":2,"minecraft:bone":11,"minecraft:sugar_cane":6,"minecraft:stone_sword":1,"alexsmobs:animal_dictionary":1,"minecraft:raw_copper":4,"minecraft:rotten_flesh":4,"supplementaries:antique_ink":3,"minecraft:filled_map":1,"supplementaries:flax_seeds":3,"minecraft:oak_button":1,"iceandfire:copper_sword":1,"minecraft:andesite":2,"minecraft:chest":2,"minecraft:spider_eye":2,"minecraft:iron_bars":1,"minecraft:wooden_pickaxe":3,"minecraft:stone_pickaxe":1},"minecraft:picked_up":{"minecraft:crafting_table":7,"iceandfire:copper_sword":1,"minecraft:chicken":1,"minecraft:wooden_pickaxe":2,"minecraft:wither_rose":1,"minecraft:string":9,"minecraft:raw_copper":4,"cobblemon:white_apricorn":1,"iceandfire:graveyard_soil":5,"minecraft:gold_nugget":27,"cobblemon:green_apricorn":4,"comforts:sleeping_bag_white":3,"minecraft:beef":14,"cobblemon:oran_berry":1,"minecraft:oak_boat":3,"minecraft:sugar_cane":6,"minecraft:chest":3,"cobblemon:green_apricorn_seed":2,"minecraft:furnace":6,"minecraft:stick":8,"minecraft:raw_iron":18,"supplementaries:speaker_block":1,"minecraft:torch":7,"minecraft:porkchop":21,"tombstone:grave_dust":1,"iceandfire:lightning_lily":1,"minecraft:arrow":6,"minecraft:rotten_flesh":12,"supplementaries:antique_ink":3,"minecraft:mutton":7,"minecraft:iron_bars":1,"minecraft:white_wool":4,"minecraft:cobblestone":71,"minecraft:feather":1,"iceandfire:sea_serpent_fang":6,"minecraft:andesite":2,"minecraft:leather":6,"minecraft:smoker":1,"minecraft:filled_map":1,"iceandfire:ectoplasm":5,"minecraft:oak_log":22,"supplementaries:flax_seeds":3,"minecraft:gunpowder":3,"minecraft:dirt":24,"minecraft:bone":13,"minecraft:wheat_seeds":6,"minecraft:heart_of_the_sea":1,"minecraft:iron_ingot":1,"iceandfire:sea_serpent_scales_deepblue":4,"cobblemon:azure_ball":1,"minecraft:pumpkin":1,"cobblemon:max_revive":1,"artifacts:scarf_of_invisibility":1,"minecraft:spider_eye":2,"alexsmobs:animal_dictionary":1,"minecraft:diamond":5,"minecraft:granite":4,"minecraft:gray_wool":4,"minecraft:emerald":5,"minecraft:oak_button":3,"alexsmobs:maggot":2,"tombstone:magic_scroll":1,"minecraft:coal":106,"iceandfire:raw_silver":1,"minecraft:ender_pearl":1},"minecraft:used":{"minecraft:stone_sword":51,"minecraft:chest":1,"minecraft:shield":4,"minecraft:cooked_chicken":1,"minecraft:cooked_salmon":3,"minecraft:rotten_flesh":2,"minecraft:torch":1,"minecraft:dirt":11,"iceandfire:copper_sword":2,"minecraft:granite":4,"alexsmobs:maggot":2,"supplementaries:speaker_block":1,"minecraft:furnace":6,"tombstone:gift":4,"comforts:sleeping_bag_white":3,"minecraft:cooked_beef":3,"minecraft:cooked_mutton":4,"minecraft:oak_planks":18,"minecraft:stone_pickaxe":24,"minecraft:wooden_pickaxe":17,"minecraft:crafting_table":9,"cobblemon:green_apricorn_seed":1,"minecraft:diamond_pickaxe":96,"minecraft:apple":5,"minecraft:oak_button":3,"minecraft:stone_axe":34,"minecraft:diamond_sword":187,"minecraft:cobblestone":49,"minecraft:cooked_porkchop":15,"alexsmobs:animal_dictionary":1,"minecraft:oak_boat":3,"minecraft:cobweb":6},"minecraft:custom":{"minecraft:mob_kills":64,"minecraft:interact_with_crafting_table":26,"minecraft:open_barrel":3,"minecraft:leave_game":1,"minecraft:time_since_death":118793,"minecraft:climb_one_cm":1939,"minecraft:sprint_one_cm":273690,"minecraft:walk_one_cm":270681,"minecraft:damage_blocked_by_shield":470,"minecraft:drop":72,"minecraft:talked_to_villager":2,"minecraft:play_time":157106,"minecraft:deaths":2,"minecraft:sneak_time":4035,"minecraft:walk_under_water_one_cm":16824,"minecraft:boat_one_cm":68935,"minecraft:jump":2000,"minecraft:walk_on_water_one_cm":16895,"minecraft:total_world_time":157106,"minecraft:interact_with_furnace":34,"minecraft:interact_with_cartography_table":1,"minecraft:sleep_in_bed":3,"minecraft:time_since_rest":19090,"minecraft:waystone_activated":1,"minecraft:damage_taken":5108,"minecraft:damage_dealt":10491,"minecraft:swim_one_cm":46805,"minecraft:fly_one_cm":426047,"minecraft:open_chest":4,"minecraft:crouch_one_cm":11146,"tombstone:undead_killed":26,"minecraft:interact_with_smoker":5,"minecraft:fall_one_cm":56126}},"DataVersion":3465}