{"stats":{"minecraft:crafted":{"minecraft:oak_planks":27,"alexsmobs:banana_peel":2,"minecraft:cooked_chicken":5,"iceandfire:lectern":1,"iceandfire:tide_teal_chestplate":1,"minecraft:cooked_mutton":12,"minecraft:iron_boots":1,"minecraft:chest":1,"minecraft:oak_button":1,"minecraft:cooked_porkchop":21,"sophisticatedbackpacks:backpack":1,"minecraft:crafting_table":9,"minecraft:wooden_pickaxe":1,"minecraft:iron_chestplate":2,"minecraft:diamond_pickaxe":1,"minecraft:shield":2,"iceandfire:tide_teal_helmet":1,"iceandfire:tide_teal_leggings":1,"minecraft:stick":7,"minecraft:iron_ingot":18,"minecraft:stone_sword":1,"minecraft:gold_ingot":24,"iceandfire:tide_deepblue_boots":1,"minecraft:stone_shovel":1,"comforts:sleeping_bag_white":1,"minecraft:furnace":1,"iceandfire:dragon_flute":1,"minecraft:stone_pickaxe":1,"sophisticatedbackpacks:iron_backpack":1,"minecraft:cooked_beef":17,"paraglider:paraglider":1,"minecraft:cooked_cod":3,"minecraft:diamond_sword":1,"iceandfire:silver_ingot":16,"minecraft:cooked_salmon":1,"sophisticatedbackpacks:gold_backpack":1,"minecraft:stone_axe":1,"minecraft:bread":2,"minecraft:air":184,"minecraft:jungle_planks":16,"minecraft:oak_boat":2,"supplementaries:speaker_block":1,"iceandfire:bestiary":1,"minecraft:white_wool":1,"minecraft:iron_leggings":2},"minecraft:killed":{"minecraft:witch":1,"minecraft:spider":10,"minecraft:skeleton":12,"minecraft:chicken":5,"iceandfire:myrmex_worker":3,"minecraft:pig":5,"minecraft:zombie_villager":1,"minecraft:creeper":1,"minecraft:sheep":8,"minecraft:pillager":3,"minecraft:zombie":27,"iceandfire:myrmex_queen":1,"alexsmobs:fly":2,"iceandfire:sea_serpent":2,"minecraft:cow":7,"alexsmobs:raccoon":1,"alexsmobs:seagull":1,"minecraft:drowned":11,"cobblemon:pokemon":16,"alexsmobs:emu":2,"iceandfire:myrmex_soldier":3,"iceandfire:ghost":5,"minecraft:enderman":1},"minecraft:mined":{"cobblemon:big_root":1,"minecraft:granite":4,"minecraft:grass_block":21,"minecraft:jungle_log":7,"iceandfire:lectern":1,"supplementaries:speaker_block":1,"minecraft:tall_seagrass":4,"minecraft:iron_ore":22,"minecraft:pumpkin":1,"iceandfire:gold_pile":19,"minecraft:iron_bars":2,"minecraft:tripwire":1,"minecraft:cut_sandstone":4,"minecraft:smoker":4,"iceandfire:myrmex_resin_jungle":1,"minecraft:orange_terracotta":4,"cobblemon:apricorn_leaves":2,"minecraft:light_gray_terracotta":1,"cobblemon:fire_stone_ore":1,"iceandfire:ghost_chest":2,"minecraft:chest":1,"supplementaries:wild_flax":3,"iceandfire:fire_lily":1,"cobblemon:energy_root":1,"minecraft:cobblestone":1,"minecraft:sugar_cane":2,"minecraft:white_terracotta":1,"minecraft:seagrass":1,"minecraft:light_blue_terracotta":1,"minecraft:wither_rose":1,"minecraft:grass":86,"minecraft:oak_log":21,"minecraft:sand":6,"minecraft:dirt":14,"minecraft:oak_leaves":11,"iceandfire:lightning_lily":1,"iceandfire:silver_ore":1,"minecraft:ladder":2,"minecraft:hay_block":5,"minecraft:furnace":6,"minecraft:suspicious_sand":2,"minecraft:andesite":2,"minecraft:gold_block":1,"minecraft:vine":2,"iceandfire:myrmex_resin_sticky_jungle":1,"minecraft:stone":135,"supplementaries:book_pile_horizontal":1,"minecraft:polished_granite":1,"minecraft:crafting_table":10,"cobblemon:cyan_mint":1,"minecraft:tall_grass":23,"minecraft:diorite":9,"supplementaries:urn":6,"iceandfire:myrmex_jungle_biolight":5,"minecraft:coal_ore":25,"iceandfire:silver_pile":13,"minecraft:cocoa":4,"minecraft:cobweb":8,"minecraft:terracotta":11,"minecraft:oak_button":3,"minecraft:gold_ore":18,"minecraft:fern":2},"minecraft:broken":{"minecraft:shield":1},"minecraft:killed_by":{"minecraft:zombie":1},"minecraft:dropped":{"iceandfire:raw_silver":1,"minecraft:cooked_beef":2,"minecraft:oak_log":5,"supplementaries:speaker_block":1,"minecraft:glass_bottle":1,"minecraft:crafting_table":1,"minecraft:cooked_porkchop":2,"minecraft:jungle_planks":2,"iceandfire:ectoplasm":5,"iceandfire:graveyard_soil":5,"minecraft:gold_block":1,"minecraft:dirt":27,"cobblemon:white_apricorn":1,"minecraft:mutton":1,"minecraft:cooked_cod":2,"minecraft:cut_sandstone":2,"cobblemon:green_apricorn":4,"alexsmobs:emu_feather":1,"minecraft:gold_nugget":10,"minecraft:sand":5,"minecraft:fishing_rod":1,"minecraft:white_wool":5,"iceandfire:myrmex_resin_jungle":2,"iceandfire:myrmex_jungle_chitin":5,"minecraft:bone":11,"minecraft:sugar_cane":6,"cobblemon:big_root":1,"alexsmobs:animal_dictionary":2,"cobblemon:rare_candy":3,"minecraft:rotten_flesh":10,"minecraft:oak_planks":1,"alexsmobs:cachalot_whale_tooth":1,"iceandfire:myrmex_resin_sticky_jungle":1,"supplementaries:antique_ink":3,"supplementaries:flax_seeds":4,"supplementaries:ash":1,"iceandfire:ghost_chest":2,"minecraft:gunpowder":3,"minecraft:skeleton_skull":1,"minecraft:chest":2,"cobblemon:fire_stone":4,"comforts:sleeping_bag_white":1,"minecraft:iron_bars":1,"artifacts:scarf_of_invisibility":1,"iceandfire:manuscript":6,"minecraft:iron_ingot":6,"minecraft:wheat_seeds":6,"cobblemon:green_apricorn_seed":1,"minecraft:feather":4,"minecraft:cobblestone":16,"minecraft:copper_ingot":2,"minecraft:coal":2,"minecraft:stick":2,"minecraft:cobweb":2,"minecraft:gray_wool":4,"iceandfire:copper_nugget":46,"iceandfire:myrmex_jungle_biolight":14,"tombstone:grave_dust":4,"minecraft:potion":2,"minecraft:iron_leggings":1,"minecraft:wither_rose":1,"minecraft:pumpkin":1,"minecraft:heart_of_the_sea":1,"minecraft:string":1,"minecraft:bucket":2,"iceandfire:dragonbone":3,"iceandfire:silver_nugget":4,"minecraft:stone_sword":1,"minecraft:raw_copper":4,"minecraft:stone_shovel":1,"minecraft:iron_boots":2,"sophisticatedbackpacks:backpack":3,"minecraft:filled_map":3,"cobblemon:exp_candy_xs":2,"minecraft:oak_button":1,"iceandfire:copper_sword":1,"iceandfire:dragonscales_amythest":19,"minecraft:iron_chestplate":1,"minecraft:andesite":2,"iceandfire:silver_ingot":2,"cobblemon:energy_root":1,"minecraft:spider_eye":5,"minecraft:stone_pickaxe":1,"minecraft:wooden_pickaxe":3,"iceandfire:dragon_skull_lightning":4,"minecraft:terracotta":11},"minecraft:picked_up":{"minecraft:iron_chestplate":1,"iceandfire:copper_sword":1,"minecraft:wither_rose":1,"iceandfire:myrmex_jungle_chitin":21,"iceandfire:manuscript":14,"minecraft:string":18,"iceandfire:sea_serpent_scales_teal":35,"minecraft:raw_copper":4,"minecraft:iron_leggings":1,"alexsmobs:emu_feather":1,"minecraft:gold_nugget":217,"minecraft:bucket":2,"comforts:sleeping_bag_white":6,"cobblemon:oran_berry":1,"cobblemon:big_root":1,"minecraft:iron_boots":1,"minecraft:furnace":7,"supplementaries:speaker_block":1,"iceandfire:ghost_chest":2,"minecraft:stick":10,"minecraft:torch":7,"iceandfire:myrmex_resin_sticky_jungle":1,"minecraft:porkchop":21,"tombstone:grave_dust":4,"minecraft:diorite":9,"iceandfire:lightning_lily":1,"minecraft:rotten_flesh":23,"supplementaries:antique_ink":3,"minecraft:white_terracotta":1,"supplementaries:ash":1,"minecraft:cod":3,"minecraft:iron_bars":1,"minecraft:cobblestone":135,"minecraft:feather":5,"minecraft:andesite":2,"minecraft:jungle_log":7,"minecraft:smoker":4,"supplementaries:flute":1,"supplementaries:flax_seeds":4,"minecraft:dirt":41,"minecraft:bone":29,"iceandfire:myrmex_jungle_resin":5,"minecraft:wheat_seeds":8,"immersive_paintings:graffiti":5,"minecraft:raw_gold":23,"iceandfire:dragonscales_amythest":19,"cobblemon:rare_candy":3,"cobblemon:fire_stone":5,"minecraft:sand":5,"cobblemon:max_revive":1,"iceandfire:myrmex_stinger":1,"alexsmobs:animal_dictionary":1,"minecraft:bundle":1,"minecraft:light_gray_terracotta":1,"minecraft:diamond":5,"iceandfire:lectern":1,"minecraft:granite":5,"iceandfire:myrmex_jungle_biolight":14,"minecraft:emerald":5,"alexsmobs:maggot":4,"iceandfire:silver_nugget":148,"cobblemon:energy_root":1,"iceandfire:raw_silver":1,"minecraft:fishing_rod":1,"iceandfire:dragon_skull_lightning":4,"minecraft:cocoa_beans":18,"minecraft:crafting_table":9,"minecraft:chicken":5,"iceandfire:fire_lily":1,"minecraft:wooden_pickaxe":2,"minecraft:gold_block":2,"cobblemon:white_apricorn":1,"iceandfire:ghost_ingot":1,"iceandfire:graveyard_soil":5,"cobblemon:green_apricorn":4,"minecraft:beef":17,"minecraft:oak_boat":5,"minecraft:sugar_cane":6,"minecraft:chest":3,"cobblemon:green_apricorn_seed":2,"minecraft:raw_iron":18,"iceandfire:dragonbone":8,"minecraft:copper_ingot":34,"sophisticatedbackpacks:backpack":2,"iceandfire:silver_ingot":4,"minecraft:arrow":9,"minecraft:hay_block":5,"sophisticatedbackpacks:copper_backpack":1,"minecraft:mutton":13,"minecraft:skeleton_skull":1,"minecraft:white_wool":7,"iceandfire:sea_serpent_fang":12,"minecraft:salmon":1,"minecraft:cut_sandstone":2,"minecraft:leather":8,"minecraft:filled_map":2,"alexsmobs:cachalot_whale_tooth":1,"minecraft:oak_log":26,"iceandfire:ectoplasm":5,"minecraft:gunpowder":4,"iceandfire:myrmex_resin_jungle":2,"minecraft:orange_terracotta":4,"minecraft:heart_of_the_sea":1,"minecraft:iron_ingot":8,"minecraft:cobweb":4,"minecraft:glass_bottle":1,"iceandfire:sea_serpent_scales_deepblue":4,"minecraft:book":1,"cobblemon:azure_ball":3,"cobblemon:exp_candy_xs":2,"iceandfire:copper_nugget":46,"minecraft:pumpkin":1,"artifacts:scarf_of_invisibility":1,"minecraft:spider_eye":5,"iceandfire:myrmex_jungle_egg":3,"minecraft:gray_wool":4,"minecraft:oak_button":3,"minecraft:terracotta":11,"tombstone:magic_scroll":1,"minecraft:black_wool":1,"minecraft:coal":210,"minecraft:ender_pearl":1},"minecraft:used":{"iceandfire:lectern":1,"minecraft:white_terracotta":1,"minecraft:chest":1,"minecraft:shield":41,"minecraft:rotten_flesh":14,"iceandfire:lightning_lily":1,"minecraft:furnace":7,"minecraft:cooked_cod":1,"minecraft:diorite":9,"minecraft:stone_pickaxe":24,"minecraft:oak_planks":18,"minecraft:ender_pearl":1,"minecraft:wooden_pickaxe":17,"minecraft:light_gray_terracotta":1,"immersive_paintings:graffiti":1,"cobblemon:green_apricorn_seed":1,"minecraft:bread":2,"minecraft:string":1,"minecraft:diamond_sword":469,"minecraft:oak_boat":7,"iceandfire:fire_lily":1,"minecraft:cobweb":8,"alexsmobs:banana_peel":1,"minecraft:stone_sword":51,"minecraft:stone_shovel":1,"minecraft:cooked_salmon":4,"minecraft:cooked_chicken":5,"minecraft:stick":2,"minecraft:torch":6,"minecraft:dirt":14,"iceandfire:copper_sword":2,"minecraft:granite":5,"alexsmobs:maggot":4,"supplementaries:speaker_block":1,"minecraft:gunpowder":1,"tombstone:gift":6,"comforts:sleeping_bag_white":5,"minecraft:cooked_beef":12,"minecraft:orange_terracotta":4,"minecraft:cooked_mutton":10,"minecraft:bundle":1,"minecraft:crafting_table":16,"minecraft:smoker":3,"minecraft:book":1,"minecraft:diamond_pickaxe":264,"minecraft:black_wool":1,"minecraft:apple":5,"minecraft:oak_button":3,"minecraft:map":1,"minecraft:stone_axe":61,"minecraft:fishing_rod":4,"minecraft:cobblestone":54,"minecraft:cooked_porkchop":19,"alexsmobs:animal_dictionary":1,"iceandfire:tide_deepblue_boots":1},"minecraft:custom":{"minecraft:interact_with_crafting_table":44,"minecraft:open_barrel":3,"minecraft:leave_game":2,"minecraft:time_since_death":27233,"minecraft:sprint_one_cm":486099,"minecraft:damage_blocked_by_shield":3589,"minecraft:drop":160,"minecraft:talked_to_villager":4,"minecraft:play_time":318910,"minecraft:deaths":5,"minecraft:jump":3442,"minecraft:walk_on_water_one_cm":28538,"minecraft:interact_with_furnace":36,"minecraft:traded_with_villager":1,"minecraft:interact_with_cartography_table":1,"minecraft:sleep_in_bed":5,"minecraft:waystone_activated":1,"minecraft:damage_dealt":26760,"minecraft:crouch_one_cm":14259,"tombstone:undead_killed":56,"minecraft:interact_with_smoker":17,"minecraft:mob_kills":130,"minecraft:climb_one_cm":3677,"minecraft:walk_one_cm":480087,"minecraft:damage_dealt_absorbed":80,"minecraft:sneak_time":5613,"minecraft:walk_under_water_one_cm":74228,"minecraft:boat_one_cm":192395,"minecraft:total_world_time":318910,"tombstone:raider_killed":4,"minecraft:time_since_rest":26517,"minecraft:damage_taken":13662,"minecraft:trigger_trapped_chest":1,"minecraft:swim_one_cm":84344,"minecraft:fly_one_cm":782379,"minecraft:open_chest":38,"minecraft:fish_caught":4,"minecraft:fall_one_cm":112390}},"DataVersion":3465}