{"stats":{"minecraft:crafted":{"iceandfire:tide_deepblue_boots":1,"minecraft:oak_planks":27,"minecraft:stone_shovel":1,"comforts:sleeping_bag_white":1,"minecraft:cooked_chicken":5,"minecraft:furnace":1,"iceandfire:lectern":1,"iceandfire:dragon_flute":1,"iceandfire:tide_teal_chestplate":1,"minecraft:cooked_mutton":12,"minecraft:iron_boots":1,"minecraft:stone_pickaxe":1,"minecraft:chest":1,"minecraft:oak_button":1,"minecraft:cooked_beef":14,"iceandfire:silver_ingot":16,"minecraft:diamond_sword":1,"sophisticatedbackpacks:backpack":1,"minecraft:cooked_porkchop":21,"minecraft:crafting_table":7,"minecraft:wooden_pickaxe":1,"minecraft:stone_axe":1,"minecraft:jungle_planks":5,"minecraft:air":149,"supplementaries:speaker_block":1,"minecraft:oak_boat":2,"iceandfire:bestiary":1,"minecraft:white_wool":1,"minecraft:iron_chestplate":2,"minecraft:diamond_pickaxe":1,"minecraft:shield":1,"iceandfire:tide_teal_helmet":1,"iceandfire:tide_teal_leggings":1,"minecraft:stick":5,"minecraft:iron_ingot":15,"minecraft:stone_sword":1,"minecraft:gold_ingot":23,"minecraft:iron_leggings":2},"minecraft:killed":{"alexsmobs:raccoon":1,"minecraft:spider":9,"alexsmobs:seagull":1,"minecraft:skeleton":8,"minecraft:chicken":5,"minecraft:drowned":11,"iceandfire:myrmex_worker":3,"minecraft:pig":5,"cobblemon:pokemon":12,"minecraft:zombie_villager":1,"minecraft:sheep":8,"iceandfire:myrmex_soldier":3,"minecraft:zombie":23,"iceandfire:ghost":5,"iceandfire:myrmex_queen":1,"alexsmobs:fly":1,"minecraft:enderman":1,"iceandfire:sea_serpent":2,"minecraft:cow":6},"minecraft:mined":{"iceandfire:lightning_lily":1,"iceandfire:silver_ore":1,"minecraft:ladder":2,"minecraft:granite":4,"minecraft:grass_block":14,"minecraft:jungle_log":2,"supplementaries:speaker_block":1,"minecraft:tall_seagrass":4,"minecraft:furnace":5,"minecraft:iron_ore":22,"minecraft:suspicious_sand":2,"minecraft:andesite":2,"minecraft:pumpkin":1,"minecraft:gold_block":1,"iceandfire:gold_pile":19,"minecraft:vine":2,"minecraft:iron_bars":2,"iceandfire:myrmex_resin_sticky_jungle":1,"minecraft:stone":74,"minecraft:tripwire":1,"supplementaries:book_pile_horizontal":1,"minecraft:cut_sandstone":4,"iceandfire:myrmex_resin_jungle":1,"minecraft:smoker":2,"minecraft:polished_granite":1,"minecraft:crafting_table":9,"cobblemon:apricorn_leaves":2,"iceandfire:ghost_chest":2,"minecraft:chest":1,"supplementaries:wild_flax":3,"iceandfire:fire_lily":1,"cobblemon:cyan_mint":1,"minecraft:tall_grass":23,"minecraft:cobblestone":1,"minecraft:sugar_cane":2,"minecraft:seagrass":1,"minecraft:light_blue_terracotta":1,"supplementaries:urn":6,"iceandfire:myrmex_jungle_biolight":5,"minecraft:wither_rose":1,"iceandfire:silver_pile":13,"minecraft:grass":75,"minecraft:oak_log":21,"minecraft:coal_ore":25,"minecraft:sand":6,"minecraft:dirt":8,"minecraft:cobweb":6,"minecraft:oak_button":3,"minecraft:oak_leaves":11},"minecraft:killed_by":{"minecraft:zombie":1},"minecraft:dropped":{"minecraft:iron_ingot":6,"iceandfire:raw_silver":1,"minecraft:wheat_seeds":6,"minecraft:cooked_beef":2,"minecraft:oak_log":5,"supplementaries:speaker_block":1,"minecraft:crafting_table":1,"minecraft:cooked_porkchop":2,"minecraft:feather":4,"cobblemon:green_apricorn_seed":1,"minecraft:cobblestone":9,"iceandfire:ectoplasm":5,"minecraft:copper_ingot":2,"minecraft:coal":2,"iceandfire:graveyard_soil":5,"minecraft:stick":2,"minecraft:gold_block":1,"minecraft:cobweb":2,"minecraft:dirt":14,"minecraft:gray_wool":4,"cobblemon:white_apricorn":1,"iceandfire:copper_nugget":46,"iceandfire:myrmex_jungle_biolight":14,"minecraft:mutton":1,"minecraft:cut_sandstone":2,"cobblemon:green_apricorn":4,"tombstone:grave_dust":4,"minecraft:potion":1,"minecraft:iron_leggings":1,"minecraft:wither_rose":1,"minecraft:gold_nugget":9,"minecraft:pumpkin":1,"minecraft:heart_of_the_sea":1,"minecraft:sand":5,"iceandfire:myrmex_resin_jungle":2,"minecraft:string":1,"minecraft:bucket":2,"minecraft:white_wool":2,"iceandfire:dragonbone":3,"minecraft:bone":11,"iceandfire:silver_nugget":4,"minecraft:sugar_cane":6,"cobblemon:rare_candy":3,"minecraft:stone_sword":1,"alexsmobs:animal_dictionary":2,"minecraft:raw_copper":4,"minecraft:stone_shovel":1,"minecraft:rotten_flesh":10,"minecraft:iron_boots":2,"sophisticatedbackpacks:backpack":3,"iceandfire:myrmex_resin_sticky_jungle":1,"supplementaries:antique_ink":3,"supplementaries:ash":1,"minecraft:filled_map":3,"cobblemon:exp_candy_xs":2,"supplementaries:flax_seeds":4,"iceandfire:ghost_chest":2,"minecraft:gunpowder":3,"minecraft:oak_button":1,"minecraft:iron_chestplate":1,"iceandfire:copper_sword":1,"iceandfire:dragonscales_amythest":19,"minecraft:skeleton_skull":1,"minecraft:andesite":2,"iceandfire:silver_ingot":2,"minecraft:chest":2,"minecraft:spider_eye":5,"minecraft:iron_bars":1,"minecraft:wooden_pickaxe":3,"minecraft:stone_pickaxe":1,"artifacts:scarf_of_invisibility":1,"iceandfire:dragon_skull_lightning":4,"iceandfire:manuscript":6},"minecraft:picked_up":{"iceandfire:dragon_skull_lightning":4,"minecraft:iron_chestplate":1,"minecraft:crafting_table":8,"iceandfire:copper_sword":1,"minecraft:chicken":5,"iceandfire:fire_lily":1,"minecraft:wooden_pickaxe":2,"minecraft:gold_block":2,"minecraft:wither_rose":1,"iceandfire:myrmex_jungle_chitin":21,"iceandfire:sea_serpent_scales_teal":35,"iceandfire:manuscript":14,"minecraft:string":13,"minecraft:raw_copper":4,"minecraft:iron_leggings":1,"cobblemon:white_apricorn":1,"iceandfire:ghost_ingot":1,"iceandfire:graveyard_soil":5,"minecraft:gold_nugget":217,"cobblemon:green_apricorn":4,"minecraft:bucket":2,"comforts:sleeping_bag_white":3,"minecraft:beef":14,"cobblemon:oran_berry":1,"minecraft:oak_boat":5,"minecraft:sugar_cane":6,"minecraft:chest":3,"cobblemon:green_apricorn_seed":2,"minecraft:iron_boots":1,"minecraft:furnace":6,"iceandfire:ghost_chest":2,"iceandfire:dragonbone":8,"minecraft:stick":8,"minecraft:raw_iron":18,"supplementaries:speaker_block":1,"minecraft:copper_ingot":2,"minecraft:torch":7,"iceandfire:myrmex_resin_sticky_jungle":1,"sophisticatedbackpacks:backpack":2,"minecraft:porkchop":21,"tombstone:grave_dust":3,"iceandfire:silver_ingot":4,"iceandfire:lightning_lily":1,"minecraft:arrow":9,"minecraft:rotten_flesh":21,"supplementaries:antique_ink":3,"sophisticatedbackpacks:copper_backpack":1,"supplementaries:ash":1,"minecraft:mutton":13,"minecraft:iron_bars":1,"minecraft:skeleton_skull":1,"minecraft:white_wool":7,"minecraft:cobblestone":82,"minecraft:feather":4,"iceandfire:sea_serpent_fang":12,"minecraft:jungle_log":2,"minecraft:andesite":2,"minecraft:cut_sandstone":2,"minecraft:leather":6,"minecraft:smoker":2,"minecraft:filled_map":2,"iceandfire:ectoplasm":5,"minecraft:oak_log":26,"supplementaries:flax_seeds":4,"minecraft:gunpowder":3,"iceandfire:myrmex_resin_jungle":2,"minecraft:dirt":28,"minecraft:bone":29,"iceandfire:myrmex_jungle_resin":5,"minecraft:wheat_seeds":6,"minecraft:heart_of_the_sea":1,"minecraft:iron_ingot":8,"minecraft:cobweb":4,"iceandfire:sea_serpent_scales_deepblue":4,"minecraft:book":1,"iceandfire:dragonscales_amythest":19,"cobblemon:azure_ball":1,"cobblemon:exp_candy_xs":2,"cobblemon:rare_candy":3,"iceandfire:copper_nugget":46,"minecraft:pumpkin":1,"minecraft:sand":5,"cobblemon:max_revive":1,"iceandfire:myrmex_stinger":1,"artifacts:scarf_of_invisibility":1,"minecraft:spider_eye":5,"alexsmobs:animal_dictionary":1,"minecraft:bundle":1,"minecraft:diamond":5,"iceandfire:myrmex_jungle_egg":3,"minecraft:granite":4,"iceandfire:silver_nugget":148,"iceandfire:myrmex_jungle_biolight":14,"minecraft:gray_wool":4,"minecraft:emerald":5,"minecraft:oak_button":3,"alexsmobs:maggot":2,"tombstone:magic_scroll":1,"minecraft:black_wool":1,"minecraft:coal":120,"iceandfire:raw_silver":1,"minecraft:ender_pearl":1},"minecraft:used":{"iceandfire:lectern":1,"minecraft:stone_sword":51,"minecraft:stone_shovel":1,"minecraft:chest":1,"minecraft:shield":7,"minecraft:cooked_chicken":5,"minecraft:cooked_salmon":3,"minecraft:rotten_flesh":2,"minecraft:stick":2,"minecraft:torch":1,"minecraft:dirt":14,"iceandfire:copper_sword":2,"minecraft:granite":4,"alexsmobs:maggot":2,"iceandfire:lightning_lily":1,"supplementaries:speaker_block":1,"minecraft:furnace":6,"tombstone:gift":5,"comforts:sleeping_bag_white":3,"minecraft:cooked_beef":10,"minecraft:cooked_mutton":10,"minecraft:bundle":1,"minecraft:oak_planks":18,"minecraft:stone_pickaxe":24,"minecraft:ender_pearl":1,"minecraft:wooden_pickaxe":17,"minecraft:crafting_table":13,"minecraft:smoker":1,"minecraft:book":1,"minecraft:black_wool":1,"cobblemon:green_apricorn_seed":1,"minecraft:diamond_pickaxe":152,"minecraft:apple":5,"minecraft:map":1,"minecraft:string":1,"minecraft:oak_button":3,"minecraft:stone_axe":51,"minecraft:diamond_sword":401,"minecraft:cobblestone":49,"minecraft:cooked_porkchop":19,"iceandfire:tide_deepblue_boots":1,"alexsmobs:animal_dictionary":1,"minecraft:oak_boat":6,"iceandfire:fire_lily":1,"minecraft:cobweb":6},"minecraft:custom":{"minecraft:mob_kills":106,"minecraft:interact_with_crafting_table":35,"minecraft:open_barrel":3,"minecraft:leave_game":1,"minecraft:time_since_death":22949,"minecraft:climb_one_cm":3003,"minecraft:sprint_one_cm":390052,"minecraft:walk_one_cm":368449,"minecraft:damage_blocked_by_shield":570,"minecraft:drop":133,"minecraft:damage_dealt_absorbed":80,"minecraft:talked_to_villager":2,"minecraft:play_time":229106,"minecraft:deaths":3,"minecraft:sneak_time":4568,"minecraft:walk_under_water_one_cm":66358,"minecraft:boat_one_cm":152521,"minecraft:jump":2682,"minecraft:walk_on_water_one_cm":20761,"minecraft:total_world_time":229106,"minecraft:interact_with_furnace":34,"minecraft:interact_with_cartography_table":1,"minecraft:sleep_in_bed":3,"minecraft:time_since_rest":22520,"minecraft:waystone_activated":1,"minecraft:damage_taken":8955,"minecraft:trigger_trapped_chest":1,"minecraft:damage_dealt":22407,"minecraft:swim_one_cm":83527,"minecraft:fly_one_cm":630729,"minecraft:open_chest":26,"minecraft:crouch_one_cm":11570,"tombstone:undead_killed":48,"minecraft:interact_with_smoker":10,"minecraft:fall_one_cm":89846}},"DataVersion":3465}