{"stats":{"minecraft:crafted":{"minecraft:oak_planks":47,"alexsmobs:banana_peel":2,"minecraft:cooked_chicken":5,"iceandfire:lectern":1,"iceandfire:tide_teal_chestplate":1,"sophisticatedbackpacks:crafting_upgrade":1,"minecraft:cooked_mutton":12,"minecraft:iron_boots":1,"minecraft:chest":2,"minecraft:oak_button":1,"minecraft:cooked_porkchop":28,"sophisticatedbackpacks:backpack":1,"minecraft:crafting_table":12,"minecraft:wooden_pickaxe":1,"sophisticatedbackpacks:upgrade_base":3,"minecraft:iron_chestplate":2,"minecraft:diamond_pickaxe":1,"minecraft:shield":2,"iceandfire:tide_teal_helmet":2,"iceandfire:tide_teal_leggings":1,"minecraft:stick":7,"minecraft:iron_ingot":33,"minecraft:stone_sword":1,"sophisticatedbackpacks:blasting_upgrade":1,"minecraft:gold_ingot":24,"iceandfire:tide_deepblue_boots":1,"minecraft:stone_shovel":1,"comforts:sleeping_bag_white":1,"minecraft:furnace":1,"iceandfire:dragon_flute":1,"minecraft:iron_axe":1,"minecraft:stone_pickaxe":1,"minecraft:wheat":16,"sophisticatedbackpacks:iron_backpack":1,"minecraft:cooked_beef":28,"paraglider:paraglider":1,"minecraft:cooked_cod":3,"minecraft:diamond_sword":1,"iceandfire:silver_ingot":16,"minecraft:cooked_salmon":1,"sophisticatedbackpacks:gold_backpack":1,"cobblemon:roseate_ball":4,"minecraft:stone_axe":1,"minecraft:bread":50,"minecraft:air":383,"minecraft:jungle_planks":16,"minecraft:oak_boat":2,"supplementaries:speaker_block":1,"iceandfire:bestiary":1,"minecraft:white_wool":1,"sophisticatedbackpacks:smoking_upgrade":1,"minecraft:iron_leggings":2},"minecraft:killed":{"minecraft:witch":1,"minecraft:spider":13,"minecraft:skeleton":19,"alexsmobs:leafcutter_ant":3,"minecraft:chicken":5,"alexsmobs:centipede_head":1,"artifacts:mimic":2,"iceandfire:myrmex_worker":3,"minecraft:pig":8,"minecraft:zombie_villager":1,"minecraft:creeper":1,"minecraft:sheep":8,"minecraft:pillager":4,"minecraft:zombie":32,"iceandfire:myrmex_queen":1,"alexsmobs:fly":2,"iceandfire:sea_serpent":2,"minecraft:cow":14,"alexsmobs:raccoon":1,"alexsmobs:seagull":1,"minecraft:drowned":11,"cobblemon:pokemon":16,"alexsmobs:emu":2,"iceandfire:myrmex_soldier":3,"iceandfire:ghost":6,"minecraft:enderman":1},"minecraft:mined":{"minecraft:large_amethyst_bud":5,"cobblemon:dawn_stone_ore":1,"alexsmobs:leafcutter_anthill":1,"minecraft:jungle_leaves":1,"cobblemon:big_root":1,"minecraft:granite":4,"minecraft:budding_amethyst":2,"minecraft:grass_block":23,"minecraft:jungle_log":7,"iceandfire:lectern":1,"supplementaries:speaker_block":1,"minecraft:tall_seagrass":4,"minecraft:iron_ore":33,"minecraft:pumpkin":1,"minecraft:deepslate_lapis_ore":1,"iceandfire:gold_pile":19,"minecraft:iron_bars":2,"minecraft:tripwire":1,"minecraft:cut_sandstone":4,"minecraft:smoker":5,"iceandfire:myrmex_resin_jungle":1,"minecraft:amethyst_cluster":6,"minecraft:orange_terracotta":4,"cobblemon:leaf_stone_ore":1,"cobblemon:apricorn_leaves":2,"minecraft:light_gray_terracotta":1,"minecraft:blast_furnace":1,"cobblemon:fire_stone_ore":1,"minecraft:calcite":3,"iceandfire:ghost_chest":2,"minecraft:chest":1,"supplementaries:wild_flax":3,"iceandfire:fire_lily":1,"cobblemon:energy_root":1,"minecraft:cobblestone":5,"minecraft:oak_planks":3,"minecraft:sugar_cane":2,"minecraft:amethyst_block":3,"minecraft:white_terracotta":1,"minecraft:seagrass":1,"minecraft:light_blue_terracotta":1,"minecraft:tnt":3,"minecraft:wither_rose":1,"minecraft:grass":92,"minecraft:oak_log":33,"cobblemon:thunder_stone_ore":2,"minecraft:sand":6,"minecraft:dirt":19,"minecraft:smooth_basalt":2,"minecraft:deepslate":2,"minecraft:oak_leaves":13,"iceandfire:lightning_lily":1,"alexscaves:spelunkery_table":1,"iceandfire:silver_ore":1,"minecraft:ladder":2,"minecraft:hay_block":16,"minecraft:redstone_ore":12,"minecraft:furnace":7,"minecraft:suspicious_sand":2,"minecraft:andesite":9,"minecraft:gold_block":1,"minecraft:vine":3,"minecraft:stripped_oak_log":2,"iceandfire:myrmex_resin_sticky_jungle":1,"minecraft:stone":236,"supplementaries:book_pile_horizontal":1,"minecraft:polished_granite":1,"minecraft:oak_fence":1,"minecraft:crafting_table":16,"minecraft:emerald_ore":5,"cobblemon:cyan_mint":1,"minecraft:tall_grass":23,"minecraft:lapis_ore":3,"minecraft:diorite":11,"supplementaries:urn":24,"minecraft:coarse_dirt":2,"iceandfire:myrmex_jungle_biolight":5,"minecraft:coal_ore":27,"iceandfire:silver_pile":13,"minecraft:cocoa":4,"minecraft:cobweb":15,"minecraft:terracotta":11,"minecraft:oak_button":3,"minecraft:gold_ore":18,"minecraft:fern":2},"minecraft:broken":{"minecraft:shield":1},"minecraft:killed_by":{"minecraft:zombie":1},"minecraft:dropped":{"iceandfire:raw_silver":1,"minecraft:cooked_beef":2,"minecraft:oak_log":5,"supplementaries:speaker_block":1,"minecraft:glass_bottle":1,"minecraft:crafting_table":2,"minecraft:cooked_porkchop":2,"minecraft:jungle_planks":4,"iceandfire:ectoplasm":5,"iceandfire:graveyard_soil":5,"minecraft:gold_block":1,"minecraft:dirt":29,"cobblemon:white_apricorn":1,"minecraft:mutton":1,"minecraft:cooked_cod":2,"minecraft:cut_sandstone":2,"cobblemon:green_apricorn":4,"alexsmobs:emu_feather":1,"minecraft:gold_nugget":10,"minecraft:sand":5,"minecraft:fishing_rod":1,"minecraft:white_wool":5,"iceandfire:myrmex_resin_jungle":2,"iceandfire:myrmex_jungle_chitin":5,"minecraft:bone":12,"minecraft:stone_axe":1,"minecraft:sugar_cane":6,"cobblemon:big_root":1,"alexsmobs:animal_dictionary":2,"cobblemon:rare_candy":3,"minecraft:rotten_flesh":10,"minecraft:oak_planks":7,"alexsmobs:cachalot_whale_tooth":1,"iceandfire:myrmex_resin_sticky_jungle":1,"supplementaries:antique_ink":3,"sophisticatedbackpacks:smoking_upgrade":2,"supplementaries:flax_seeds":8,"supplementaries:ash":1,"iceandfire:ghost_chest":2,"minecraft:gunpowder":3,"minecraft:skeleton_skull":1,"minecraft:charcoal":2,"minecraft:beetroot_seeds":2,"minecraft:chest":2,"cobblemon:fire_stone":4,"comforts:sleeping_bag_white":1,"minecraft:iron_bars":1,"artifacts:scarf_of_invisibility":1,"iceandfire:manuscript":6,"minecraft:bread":8,"minecraft:iron_ingot":6,"minecraft:wheat_seeds":9,"minecraft:oak_fence":1,"cobblemon:green_apricorn_seed":1,"minecraft:feather":4,"minecraft:cobblestone":16,"minecraft:copper_ingot":2,"minecraft:coal":2,"minecraft:stick":2,"minecraft:cobweb":2,"minecraft:gray_wool":4,"minecraft:diorite":2,"iceandfire:copper_nugget":46,"iceandfire:myrmex_jungle_biolight":14,"tombstone:grave_dust":4,"minecraft:potion":2,"minecraft:iron_leggings":1,"minecraft:wither_rose":1,"minecraft:pumpkin":1,"minecraft:heart_of_the_sea":1,"minecraft:string":1,"minecraft:bucket":2,"minecraft:smooth_basalt":2,"iceandfire:dragonbone":3,"iceandfire:silver_nugget":4,"minecraft:furnace":1,"minecraft:coarse_dirt":4,"minecraft:stone_sword":1,"minecraft:cocoa_beans":21,"minecraft:raw_copper":4,"minecraft:stone_shovel":1,"minecraft:iron_boots":2,"minecraft:stripped_oak_log":2,"sophisticatedbackpacks:backpack":3,"minecraft:filled_map":3,"cobblemon:exp_candy_xs":2,"minecraft:oak_button":1,"iceandfire:copper_sword":1,"iceandfire:dragonscales_amythest":19,"minecraft:iron_chestplate":1,"artifacts:steadfast_spikes":1,"minecraft:andesite":3,"iceandfire:silver_ingot":2,"cobblemon:energy_root":1,"minecraft:spider_eye":5,"minecraft:stone_pickaxe":1,"minecraft:wooden_pickaxe":3,"iceandfire:dragon_skull_lightning":4,"minecraft:terracotta":11},"minecraft:picked_up":{"cobblemon:leaf_stone":1,"minecraft:iron_chestplate":1,"iceandfire:copper_sword":1,"minecraft:wither_rose":1,"iceandfire:myrmex_jungle_chitin":21,"minecraft:amethyst_block":3,"iceandfire:manuscript":14,"minecraft:string":28,"iceandfire:sea_serpent_scales_teal":35,"minecraft:raw_copper":4,"minecraft:iron_leggings":1,"alexsmobs:emu_feather":1,"minecraft:gold_nugget":217,"minecraft:cobbled_deepslate":2,"minecraft:bucket":2,"comforts:sleeping_bag_white":7,"artifacts:aqua_dashers":1,"cobblemon:oran_berry":1,"minecraft:calcite":3,"cobblemon:big_root":1,"minecraft:iron_boots":1,"minecraft:furnace":8,"supplementaries:speaker_block":1,"iceandfire:ghost_chest":2,"minecraft:stick":10,"minecraft:oak_fence":1,"minecraft:torch":36,"iceandfire:myrmex_resin_sticky_jungle":1,"minecraft:porkchop":28,"tombstone:grave_dust":4,"minecraft:diorite":11,"iceandfire:lightning_lily":1,"minecraft:rotten_flesh":27,"supplementaries:antique_ink":3,"minecraft:white_terracotta":1,"supplementaries:ash":1,"minecraft:cod":3,"minecraft:iron_bars":1,"minecraft:cobblestone":247,"minecraft:feather":5,"minecraft:andesite":9,"minecraft:jungle_log":7,"cobblemon:roseate_ball":1,"minecraft:smoker":5,"supplementaries:flute":1,"supplementaries:flax_seeds":8,"minecraft:lapis_lazuli":44,"minecraft:dirt":47,"minecraft:bone":30,"iceandfire:myrmex_jungle_resin":5,"minecraft:wheat_seeds":9,"immersive_paintings:graffiti":5,"minecraft:raw_gold":23,"cobblemon:thunder_stone":3,"minecraft:oak_planks":6,"iceandfire:dragonscales_amythest":19,"cobblemon:rare_candy":3,"cobblemon:fire_stone":5,"minecraft:sand":5,"cobblemon:max_revive":1,"iceandfire:myrmex_stinger":1,"alexsmobs:animal_dictionary":1,"minecraft:bundle":1,"minecraft:light_gray_terracotta":1,"minecraft:diamond":5,"iceandfire:lectern":1,"minecraft:granite":5,"iceandfire:myrmex_jungle_biolight":14,"minecraft:bread":3,"minecraft:emerald":22,"alexsmobs:maggot":5,"iceandfire:silver_nugget":148,"cobblemon:energy_root":1,"iceandfire:raw_silver":1,"minecraft:charcoal":2,"minecraft:fishing_rod":1,"iceandfire:dragon_skull_lightning":4,"minecraft:cocoa_beans":18,"minecraft:coarse_dirt":4,"minecraft:crafting_table":16,"artifacts:night_vision_goggles":1,"minecraft:chicken":5,"iceandfire:fire_lily":1,"minecraft:wooden_pickaxe":2,"minecraft:gold_block":2,"cobblemon:white_apricorn":1,"iceandfire:ghost_ingot":1,"iceandfire:graveyard_soil":5,"cobblemon:green_apricorn":4,"minecraft:beef":34,"minecraft:oak_boat":5,"minecraft:sugar_cane":6,"minecraft:chest":3,"cobblemon:green_apricorn_seed":2,"minecraft:raw_iron":33,"iceandfire:dragonbone":8,"minecraft:copper_ingot":34,"sophisticatedbackpacks:backpack":2,"minecraft:redstone":62,"alexsmobs:leafcutter_ant_pupa":1,"minecraft:tnt":3,"cobblemon:dawn_stone":1,"iceandfire:silver_ingot":4,"minecraft:arrow":9,"minecraft:hay_block":16,"alexscaves:spelunkery_table":1,"sophisticatedbackpacks:copper_backpack":1,"minecraft:mutton":13,"minecraft:skeleton_skull":1,"minecraft:white_wool":7,"minecraft:stripped_oak_log":2,"iceandfire:sea_serpent_fang":12,"minecraft:salmon":1,"minecraft:cut_sandstone":2,"minecraft:leather":14,"minecraft:filled_map":2,"alexsmobs:cachalot_whale_tooth":1,"minecraft:oak_log":38,"iceandfire:ectoplasm":5,"sophisticatedbackpacks:smoking_upgrade":2,"minecraft:gunpowder":4,"iceandfire:myrmex_resin_jungle":2,"minecraft:orange_terracotta":4,"minecraft:heart_of_the_sea":1,"minecraft:iron_ingot":9,"minecraft:cobweb":4,"tombstone:bag_of_seeds":1,"artifacts:steadfast_spikes":1,"minecraft:glass_bottle":1,"iceandfire:sea_serpent_scales_deepblue":4,"minecraft:book":1,"cobblemon:azure_ball":3,"cobblemon:exp_candy_xs":2,"minecraft:smooth_basalt":2,"iceandfire:copper_nugget":46,"minecraft:pumpkin":1,"minecraft:amethyst_shard":32,"minecraft:blast_furnace":1,"cobblemon:pink_apricorn":6,"artifacts:scarf_of_invisibility":1,"minecraft:spider_eye":5,"iceandfire:myrmex_jungle_egg":3,"minecraft:gray_wool":4,"minecraft:oak_button":3,"minecraft:terracotta":11,"tombstone:magic_scroll":1,"minecraft:black_wool":1,"minecraft:coal":254,"minecraft:ender_pearl":1},"minecraft:used":{"iceandfire:lectern":1,"minecraft:white_terracotta":1,"minecraft:chest":1,"minecraft:shield":53,"minecraft:rotten_flesh":14,"iceandfire:lightning_lily":1,"minecraft:furnace":8,"minecraft:cooked_cod":1,"minecraft:diorite":9,"minecraft:stone_pickaxe":24,"minecraft:oak_planks":18,"minecraft:ender_pearl":1,"minecraft:wooden_pickaxe":17,"minecraft:light_gray_terracotta":1,"immersive_paintings:graffiti":1,"cobblemon:green_apricorn_seed":1,"minecraft:bread":6,"minecraft:string":1,"minecraft:diamond_sword":603,"minecraft:andesite":6,"minecraft:oak_boat":7,"iceandfire:fire_lily":1,"minecraft:cobweb":8,"alexsmobs:banana_peel":1,"minecraft:stone_sword":51,"minecraft:stone_shovel":1,"minecraft:cooked_salmon":4,"minecraft:cooked_chicken":5,"minecraft:stick":2,"minecraft:torch":6,"minecraft:dirt":14,"iceandfire:copper_sword":2,"minecraft:granite":5,"alexsmobs:maggot":4,"minecraft:iron_axe":13,"supplementaries:speaker_block":1,"minecraft:gunpowder":1,"tombstone:gift":6,"comforts:sleeping_bag_white":6,"minecraft:cooked_beef":14,"minecraft:cobbled_deepslate":2,"minecraft:orange_terracotta":4,"minecraft:cooked_mutton":10,"minecraft:bundle":1,"minecraft:crafting_table":24,"iceandfire:tide_teal_helmet":1,"alexsmobs:leafcutter_ant_pupa":1,"minecraft:smoker":4,"minecraft:book":1,"tombstone:bag_of_seeds":1,"minecraft:diamond_pickaxe":468,"minecraft:black_wool":1,"minecraft:apple":5,"minecraft:oak_button":3,"minecraft:map":1,"minecraft:stone_axe":77,"minecraft:fishing_rod":4,"minecraft:cobblestone":212,"minecraft:cooked_porkchop":26,"alexsmobs:animal_dictionary":1,"iceandfire:tide_deepblue_boots":1},"minecraft:custom":{"minecraft:interact_with_crafting_table":59,"minecraft:open_barrel":11,"minecraft:leave_game":2,"minecraft:time_since_death":111233,"minecraft:sprint_one_cm":631142,"minecraft:damage_blocked_by_shield":4319,"minecraft:drop":194,"minecraft:talked_to_villager":6,"minecraft:play_time":402910,"minecraft:deaths":5,"minecraft:jump":4745,"minecraft:walk_on_water_one_cm":36040,"minecraft:interact_with_furnace":42,"minecraft:traded_with_villager":1,"minecraft:interact_with_cartography_table":1,"minecraft:sleep_in_bed":6,"minecraft:waystone_activated":2,"minecraft:damage_dealt":33189,"minecraft:crouch_one_cm":16805,"tombstone:undead_killed":69,"minecraft:interact_with_smoker":23,"minecraft:mob_kills":166,"minecraft:climb_one_cm":5642,"minecraft:walk_one_cm":611906,"minecraft:damage_dealt_absorbed":80,"minecraft:sneak_time":6649,"minecraft:walk_under_water_one_cm":77390,"minecraft:boat_one_cm":192395,"minecraft:interact_with_blast_furnace":1,"minecraft:total_world_time":402910,"tombstone:raider_killed":5,"minecraft:time_since_rest":81566,"minecraft:damage_taken":14478,"minecraft:trigger_trapped_chest":1,"minecraft:swim_one_cm":85714,"minecraft:fly_one_cm":1021659,"minecraft:open_chest":41,"minecraft:fish_caught":4,"minecraft:fall_one_cm":136200}},"DataVersion":3465}