{"stats":{"minecraft:broken":{"iceandfire:tide_teal_boots":1,"iceandfire:myrmex_jungle_leggings":1,"iceandfire:tide_teal_helmet":1,"minecraft:shield":3,"iceandfire:tide_teal_leggings":1},"minecraft:custom":{"minecraft:interact_with_crafting_table":72,"minecraft:open_barrel":16,"minecraft:leave_game":5,"minecraft:time_since_death":38235,"minecraft:sprint_one_cm":1052352,"minecraft:damage_blocked_by_shield":9694,"minecraft:drop":312,"minecraft:talked_to_villager":8,"minecraft:play_time":643044,"minecraft:deaths":15,"minecraft:jump":8359,"minecraft:walk_on_water_one_cm":69402,"minecraft:interact_with_furnace":43,"minecraft:traded_with_villager":1,"minecraft:interact_with_cartography_table":1,"minecraft:sleep_in_bed":12,"minecraft:waystone_activated":3,"minecraft:damage_dealt":53965,"minecraft:crouch_one_cm":18036,"tombstone:undead_killed":90,"minecraft:interact_with_smoker":23,"minecraft:interact_with_smithing_table":1,"minecraft:mob_kills":224,"minecraft:climb_one_cm":6900,"minecraft:walk_one_cm":927723,"minecraft:damage_dealt_absorbed":80,"minecraft:raid_win":1,"minecraft:sneak_time":7740,"minecraft:walk_under_water_one_cm":127295,"minecraft:boat_one_cm":457839,"minecraft:interact_with_blast_furnace":1,"minecraft:total_world_time":643044,"tombstone:raider_killed":18,"minecraft:time_since_rest":31304,"minecraft:damage_taken":24424,"minecraft:trigger_trapped_chest":1,"minecraft:swim_one_cm":211411,"minecraft:fly_one_cm":2049554,"minecraft:open_chest":60,"minecraft:fish_caught":4,"minecraft:fall_one_cm":253428},"minecraft:used":{"iceandfire:lectern":2,"minecraft:chest":1,"minecraft:white_terracotta":1,"minecraft:shield":86,"minecraft:iron_sword":5,"minecraft:rotten_flesh":14,"iceandfire:lightning_lily":1,"minecraft:bow":2,"minecraft:furnace":8,"minecraft:cooked_cod":1,"minecraft:diorite":9,"minecraft:oak_planks":18,"minecraft:stone_pickaxe":24,"iceandfire:armor_green_helmet":1,"minecraft:ender_pearl":1,"minecraft:wooden_pickaxe":17,"minecraft:sand":3,"minecraft:light_gray_terracotta":1,"immersive_paintings:graffiti":1,"cobblemon:green_apricorn_seed":1,"minecraft:bread":41,"minecraft:string":1,"tombstone:grave_key":7,"minecraft:diamond_sword":974,"cobblemon:medicinal_leek":2,"minecraft:andesite":6,"minecraft:oak_boat":11,"iceandfire:fire_lily":1,"minecraft:cobweb":8,"alexsmobs:banana_peel":1,"minecraft:stone_sword":51,"iceandfire:tide_teal_boots":1,"minecraft:stone_shovel":1,"minecraft:cooked_salmon":4,"minecraft:cooked_chicken":5,"minecraft:stick":2,"minecraft:torch":6,"minecraft:dirt":60,"iceandfire:myrmex_jungle_leggings":1,"iceandfire:copper_sword":2,"iceandfire:armor_green_chestplate":1,"minecraft:granite":5,"alexsmobs:maggot":4,"minecraft:iron_axe":21,"cobblemon:pink_apricorn_seed":1,"supplementaries:speaker_block":1,"minecraft:gunpowder":1,"minecraft:beef":3,"alexsmobs:banana":1,"tombstone:gift":8,"comforts:sleeping_bag_white":11,"minecraft:cooked_beef":28,"minecraft:cobbled_deepslate":2,"minecraft:orange_terracotta":4,"minecraft:cooked_mutton":10,"minecraft:bundle":1,"minecraft:crafting_table":27,"iceandfire:tide_teal_helmet":1,"alexsmobs:leafcutter_ant_pupa":1,"minecraft:smoker":4,"minecraft:book":1,"tombstone:bag_of_seeds":1,"minecraft:black_wool":1,"minecraft:diamond_pickaxe":559,"minecraft:apple":5,"minecraft:oak_button":3,"minecraft:map":1,"iceandfire:myrmex_jungle_egg":2,"minecraft:stone_axe":77,"minecraft:fishing_rod":4,"minecraft:cobblestone":269,"minecraft:cooked_porkchop":26,"alexsmobs:animal_dictionary":1,"iceandfire:tide_deepblue_boots":1},"minecraft:killed_by":{"iceandfire:cyclops":6,"minecraft:zombie":2},"minecraft:killed":{"alexsmobs:hummingbird":1,"minecraft:witch":3,"minecraft:spider":17,"minecraft:skeleton":23,"alexsmobs:leafcutter_ant":3,"minecraft:chicken":5,"alexsmobs:centipede_head":1,"artifacts:mimic":2,"iceandfire:myrmex_worker":3,"minecraft:pig":9,"minecraft:zombie_villager":1,"minecraft:creeper":3,"minecraft:sheep":8,"minecraft:pillager":11,"minecraft:zombie":46,"iceandfire:myrmex_queen":1,"alexsmobs:fly":2,"iceandfire:sea_serpent":3,"minecraft:cow":14,"alexsmobs:raccoon":2,"minecraft:vindicator":2,"alexsmobs:seagull":2,"minecraft:horse":2,"iceandfire:fire_dragon":2,"alexsmobs:bison":5,"minecraft:drowned":11,"cobblemon:pokemon":19,"iceandfire:cyclops":1,"minecraft:ravager":2,"alexsmobs:emu":2,"iceandfire:myrmex_soldier":3,"iceandfire:ghost":9,"minecraft:enderman":1},"minecraft:dropped":{"minecraft:iron_sword":2,"iceandfire:raw_silver":1,"minecraft:brown_mushroom":1,"minecraft:birch_planks":4,"iceandfire:tide_teal_chestplate":1,"minecraft:cooked_beef":5,"cobblemon:berry_juice":8,"minecraft:oak_log":16,"supplementaries:speaker_block":1,"minecraft:glass_bottle":1,"minecraft:crafting_table":2,"minecraft:cooked_porkchop":2,"cobblemon:persim_berry":6,"minecraft:jungle_planks":4,"iceandfire:ectoplasm":5,"iceandfire:graveyard_soil":5,"minecraft:gold_block":1,"minecraft:dirt":44,"cobblemon:razz_berry":12,"cobblemon:white_apricorn":1,"minecraft:mutton":1,"minecraft:cooked_cod":2,"minecraft:cut_sandstone":2,"cobblemon:green_apricorn":6,"minecraft:jungle_sapling":8,"minecraft:gold_nugget":10,"alexsmobs:emu_feather":1,"minecraft:bone_meal":10,"minecraft:sand":5,"minecraft:birch_log":1,"minecraft:fishing_rod":1,"iceandfire:myrmex_resin_jungle":2,"minecraft:white_wool":9,"alexsmobs:sopa_de_macaco":1,"iceandfire:myrmex_jungle_chitin":5,"minecraft:bone":15,"minecraft:stone_axe":1,"minecraft:sugar_cane":6,"minecraft:iron_nugget":2,"cobblemon:big_root":1,"alexsmobs:animal_dictionary":2,"cobblemon:rare_candy":3,"minecraft:wheat":4,"cobblemon:cheri_berry":11,"minecraft:rotten_flesh":25,"minecraft:oak_planks":20,"alexsmobs:cachalot_whale_tooth":1,"iceandfire:myrmex_resin_sticky_jungle":1,"supplementaries:antique_ink":3,"sophisticatedbackpacks:smoking_upgrade":2,"supplementaries:flax_seeds":10,"supplementaries:ash":2,"cobblemon:white_apricorn_seed":2,"iceandfire:ghost_chest":5,"minecraft:gunpowder":3,"minecraft:charcoal":2,"minecraft:skeleton_skull":1,"minecraft:beetroot_seeds":2,"minecraft:jungle_log":36,"minecraft:chest":2,"cobblemon:fire_stone":4,"comforts:sleeping_bag_white":1,"minecraft:iron_bars":3,"artifacts:scarf_of_invisibility":1,"iceandfire:manuscript":6,"minecraft:iron_ingot":6,"minecraft:bread":8,"minecraft:oak_slab":2,"minecraft:wheat_seeds":15,"minecraft:oak_fence":1,"cobblemon:green_apricorn_seed":1,"minecraft:feather":7,"minecraft:cobblestone":21,"minecraft:amethyst_block":3,"minecraft:granite":1,"minecraft:copper_ingot":4,"iceandfire:cyclops_eye":1,"minecraft:coal":2,"minecraft:stick":13,"cobblemon:pink_apricorn":1,"minecraft:cobweb":2,"iceandfire:tide_deepblue_boots":1,"cobblemon:medicinal_leek":6,"minecraft:gray_wool":4,"minecraft:diorite":2,"iceandfire:copper_nugget":46,"minecraft:torch":40,"iceandfire:myrmex_jungle_biolight":14,"tombstone:grave_key":1,"minecraft:rabbit":1,"minecraft:fire_charge":2,"tombstone:grave_dust":5,"minecraft:potion":2,"minecraft:iron_leggings":2,"minecraft:pumpkin":1,"minecraft:wither_rose":1,"minecraft:heart_of_the_sea":1,"minecraft:white_banner":1,"minecraft:string":4,"minecraft:bucket":2,"iceandfire:dragon_skull_fire":1,"iceandfire:dragonbone":3,"minecraft:smooth_basalt":2,"iceandfire:silver_nugget":4,"minecraft:furnace":1,"minecraft:kelp":29,"alexsmobs:maggot":1,"minecraft:coarse_dirt":4,"minecraft:stone_sword":1,"minecraft:raw_copper":4,"minecraft:cocoa_beans":21,"minecraft:bowl":4,"minecraft:stone_shovel":1,"minecraft:iron_boots":2,"minecraft:stripped_oak_log":2,"sophisticatedbackpacks:backpack":3,"minecraft:torchflower_seeds":4,"iceandfire:myrmex_jungle_chestplate":1,"minecraft:filled_map":3,"cobblemon:exp_candy_xs":2,"minecraft:oak_button":1,"iceandfire:copper_sword":1,"iceandfire:dragonscales_amythest":19,"minecraft:iron_chestplate":4,"minecraft:andesite":3,"artifacts:steadfast_spikes":1,"iceandfire:silver_ingot":2,"cobblemon:energy_root":1,"minecraft:oak_sapling":7,"minecraft:spider_eye":7,"minecraft:stone_pickaxe":2,"minecraft:wooden_pickaxe":4,"minecraft:calcite":3,"iceandfire:dragon_skull_lightning":4,"minecraft:terracotta":11},"minecraft:picked_up":{"minecraft:iron_chestplate":2,"cobblemon:leaf_stone":1,"minecraft:wheat":2,"iceandfire:copper_sword":1,"minecraft:wither_rose":1,"iceandfire:myrmex_jungle_chitin":21,"tombstone:grave_key":1,"minecraft:amethyst_block":3,"cobblemon:wepear_berry":12,"iceandfire:manuscript":25,"minecraft:string":33,"minecraft:raw_copper":4,"iceandfire:sea_serpent_scales_teal":35,"minecraft:iron_leggings":1,"iceandfire:sea_serpent_scales_bronze":1,"alexsmobs:banana":2,"alexsmobs:emu_feather":1,"cobblemon:white_apricorn_seed":2,"minecraft:gold_nugget":267,"minecraft:cobbled_deepslate":2,"minecraft:bucket":2,"comforts:sleeping_bag_white":12,"artifacts:aqua_dashers":1,"cobblemon:oran_berry":12,"minecraft:calcite":3,"cobblemon:big_root":1,"minecraft:iron_boots":1,"minecraft:furnace":8,"minecraft:stick":23,"iceandfire:ghost_chest":5,"supplementaries:speaker_block":1,"minecraft:oak_fence":1,"minecraft:torch":36,"iceandfire:myrmex_resin_sticky_jungle":1,"minecraft:porkchop":30,"tombstone:grave_dust":6,"minecraft:diorite":11,"iceandfire:lightning_lily":1,"minecraft:rotten_flesh":38,"supplementaries:antique_ink":3,"iceandfire:fire_dragon_heart":2,"minecraft:white_terracotta":1,"supplementaries:ash":2,"cobblemon:verdant_ball":9,"minecraft:iron_bars":3,"minecraft:cod":4,"minecraft:cobblestone":307,"minecraft:birch_log":3,"minecraft:feather":7,"minecraft:andesite":9,"minecraft:jungle_log":43,"alexsmobs:bison_fur":7,"minecraft:smoker":5,"cobblemon:razz_berry":14,"cobblemon:roseate_ball":2,"supplementaries:flute":1,"supplementaries:flax_seeds":10,"minecraft:lapis_lazuli":44,"iceandfire:dragonscales_bronze":14,"minecraft:dirt":104,"minecraft:bone":43,"iceandfire:myrmex_jungle_resin":5,"minecraft:bow":1,"minecraft:wheat_seeds":15,"immersive_paintings:graffiti":5,"minecraft:raw_gold":23,"cobblemon:thunder_stone":3,"minecraft:rabbit":1,"minecraft:glowstone_dust":2,"minecraft:oak_planks":6,"iceandfire:dragonscales_amythest":19,"cobblemon:sun_stone":1,"cobblemon:rare_candy":3,"iceandfire:dragon_skull_fire":2,"iceandfire:shiny_scales":3,"cobblemon:fire_stone":5,"minecraft:sand":8,"cobblemon:max_revive":1,"cobblemon:persim_berry":6,"iceandfire:myrmex_stinger":1,"alexsmobs:animal_dictionary":1,"minecraft:bundle":1,"minecraft:light_gray_terracotta":1,"minecraft:diamond":5,"iceandfire:lectern":2,"minecraft:granite":6,"minecraft:bone_meal":5,"iceandfire:myrmex_jungle_biolight":14,"minecraft:emerald":25,"minecraft:bread":3,"cobblemon:medicinal_leek":8,"alexsmobs:maggot":5,"minecraft:oak_sapling":7,"iceandfire:silver_nugget":148,"cobblemon:energy_root":1,"iceandfire:raw_silver":1,"minecraft:crafting_table":16,"iceandfire:dragon_skull_lightning":4,"minecraft:charcoal":2,"minecraft:fishing_rod":1,"minecraft:cocoa_beans":18,"minecraft:coarse_dirt":4,"artifacts:night_vision_goggles":1,"minecraft:chicken":5,"iceandfire:fire_lily":1,"minecraft:brown_mushroom":2,"minecraft:wooden_pickaxe":3,"minecraft:gold_block":2,"cobblemon:white_apricorn":9,"iceandfire:ghost_ingot":1,"iceandfire:graveyard_soil":5,"cobblemon:green_apricorn":10,"minecraft:beef":72,"minecraft:oak_boat":7,"minecraft:jungle_sapling":8,"minecraft:poppy":1,"minecraft:sugar_cane":6,"minecraft:chest":3,"cobblemon:green_apricorn_seed":2,"minecraft:raw_iron":56,"iceandfire:dragonbone":26,"iceandfire:dragonscales_green":14,"cobblemon:love_ball":1,"minecraft:copper_ingot":36,"sophisticatedbackpacks:backpack":2,"minecraft:fire_charge":2,"minecraft:redstone":62,"alexsmobs:leafcutter_ant_pupa":1,"cobblemon:berry_juice":3,"minecraft:tnt":3,"iceandfire:cyclops_eye":2,"cobblemon:dawn_stone":3,"iceandfire:silver_ingot":8,"minecraft:arrow":11,"minecraft:hay_block":16,"alexscaves:spelunkery_table":1,"minecraft:saddle":2,"sophisticatedbackpacks:copper_backpack":1,"minecraft:mutton":14,"minecraft:skeleton_skull":1,"minecraft:white_wool":11,"minecraft:stripped_oak_log":2,"alexsmobs:sopa_de_macaco":1,"iceandfire:sea_serpent_fang":13,"minecraft:salmon":1,"minecraft:cut_sandstone":2,"minecraft:leather":28,"minecraft:filled_map":2,"alexsmobs:cachalot_whale_tooth":1,"minecraft:oak_log":54,"iceandfire:ectoplasm":5,"minecraft:gunpowder":7,"sophisticatedbackpacks:smoking_upgrade":2,"iceandfire:myrmex_resin_jungle":2,"minecraft:white_banner":1,"cobblemon:pink_apricorn_seed":1,"minecraft:orange_terracotta":4,"minecraft:apple":2,"minecraft:kelp":77,"minecraft:heart_of_the_sea":1,"minecraft:iron_ingot":9,"minecraft:stone_pickaxe":1,"minecraft:cobweb":6,"tombstone:bag_of_seeds":1,"artifacts:steadfast_spikes":1,"minecraft:glass_bottle":1,"minecraft:iron_sword":1,"iceandfire:fire_dragon_flesh":7,"iceandfire:sea_serpent_scales_deepblue":4,"minecraft:book":1,"cobblemon:azure_ball":3,"minecraft:oak_slab":2,"cobblemon:exp_candy_xs":2,"iceandfire:copper_nugget":46,"minecraft:smooth_basalt":2,"minecraft:pumpkin":1,"cobblemon:cheri_berry":11,"minecraft:amethyst_shard":32,"minecraft:blast_furnace":1,"cobblemon:pink_apricorn":25,"artifacts:scarf_of_invisibility":1,"minecraft:spider_eye":7,"iceandfire:myrmex_jungle_egg":4,"minecraft:gray_wool":4,"minecraft:oak_button":3,"minecraft:terracotta":11,"tombstone:magic_scroll":1,"minecraft:black_wool":1,"minecraft:coal":257,"minecraft:ender_pearl":1},"minecraft:crafted":{"minecraft:oak_planks":77,"alexsmobs:banana_peel":2,"minecraft:cooked_chicken":5,"iceandfire:lectern":1,"iceandfire:tide_teal_chestplate":1,"sophisticatedbackpacks:crafting_upgrade":1,"minecraft:cooked_mutton":12,"minecraft:iron_boots":1,"iceandfire:armor_green_helmet":1,"iceandfire:myrmex_jungle_chestplate":1,"minecraft:chest":2,"minecraft:oak_button":1,"sophisticatedbackpacks:backpack":1,"minecraft:cooked_porkchop":28,"minecraft:crafting_table":15,"cobblemon:verdant_ball":4,"minecraft:wooden_pickaxe":1,"iceandfire:tide_teal_boots":1,"minecraft:birch_planks":8,"iceandfire:armor_green_chestplate":1,"sophisticatedbackpacks:upgrade_base":3,"minecraft:iron_chestplate":2,"minecraft:diamond_pickaxe":1,"minecraft:shield":3,"iceandfire:tide_teal_helmet":3,"iceandfire:tide_teal_leggings":1,"minecraft:stick":7,"minecraft:iron_ingot":33,"cobblemon:berry_juice":1,"minecraft:stone_sword":1,"minecraft:gold_ingot":24,"sophisticatedbackpacks:blasting_upgrade":1,"cobblemon:love_ball":16,"iceandfire:tide_deepblue_boots":1,"minecraft:stone_shovel":1,"comforts:sleeping_bag_white":1,"minecraft:furnace":1,"iceandfire:dragon_flute":1,"minecraft:bone_meal":5,"cobblemon:premier_ball":4,"minecraft:iron_axe":1,"minecraft:stone_pickaxe":1,"alexsmobs:sopa_de_macaco":1,"minecraft:wheat":16,"sophisticatedbackpacks:iron_backpack":1,"minecraft:cooked_beef":28,"paraglider:paraglider":1,"minecraft:cooked_cod":3,"minecraft:diamond_sword":1,"iceandfire:silver_ingot":16,"iceandfire:armor_bronze_boots":1,"minecraft:bowl":12,"minecraft:cooked_salmon":1,"sophisticatedbackpacks:gold_backpack":1,"cobblemon:roseate_ball":12,"minecraft:stone_axe":1,"minecraft:bread":50,"minecraft:air":416,"minecraft:jungle_planks":16,"supplementaries:speaker_block":1,"minecraft:oak_boat":4,"iceandfire:myrmex_jungle_leggings":1,"iceandfire:bestiary":1,"minecraft:white_wool":1,"minecraft:iron_leggings":2,"sophisticatedbackpacks:smoking_upgrade":1,"iceandfire:armor_bronze_leggings":1},"minecraft:mined":{"minecraft:large_amethyst_bud":5,"cobblemon:dawn_stone_ore":2,"alexsmobs:leafcutter_anthill":1,"minecraft:jungle_leaves":1,"cobblemon:big_root":1,"minecraft:granite":5,"minecraft:budding_amethyst":2,"minecraft:grass_block":46,"minecraft:jungle_log":7,"iceandfire:lectern":2,"supplementaries:speaker_block":1,"minecraft:tall_seagrass":9,"minecraft:fire":12,"minecraft:iron_ore":51,"minecraft:pumpkin":1,"minecraft:deepslate_lapis_ore":1,"cobblemon:medicinal_leek":3,"iceandfire:gold_pile":25,"minecraft:iron_bars":3,"minecraft:tripwire":1,"iceandfire:chared_cobblestone":2,"minecraft:cut_sandstone":4,"minecraft:kelp_plant":16,"iceandfire:myrmex_resin_jungle":1,"minecraft:smoker":5,"minecraft:orange_terracotta":4,"minecraft:amethyst_cluster":6,"cobblemon:leaf_stone_ore":1,"cobblemon:apricorn_leaves":2,"minecraft:light_gray_terracotta":1,"minecraft:blast_furnace":1,"cobblemon:fire_stone_ore":1,"minecraft:calcite":3,"iceandfire:ghost_chest":4,"minecraft:chest":1,"minecraft:dead_bush":2,"supplementaries:wild_flax":4,"iceandfire:fire_lily":1,"cobblemon:energy_root":1,"minecraft:cobblestone":6,"minecraft:oak_planks":3,"minecraft:sugar_cane":2,"minecraft:amethyst_block":3,"minecraft:white_terracotta":1,"minecraft:seagrass":11,"minecraft:light_blue_terracotta":1,"minecraft:birch_log":3,"minecraft:tnt":3,"minecraft:wither_rose":1,"minecraft:grass":151,"minecraft:oak_log":39,"cobblemon:thunder_stone_ore":2,"minecraft:sand":9,"minecraft:dirt":35,"minecraft:smooth_basalt":2,"minecraft:deepslate":2,"minecraft:oak_leaves":19,"iceandfire:lightning_lily":1,"alexscaves:spelunkery_table":1,"iceandfire:silver_ore":1,"minecraft:ladder":2,"minecraft:kelp":28,"minecraft:hay_block":16,"minecraft:redstone_ore":12,"minecraft:furnace":7,"minecraft:suspicious_sand":2,"minecraft:andesite":9,"minecraft:peony":1,"minecraft:gold_block":1,"minecraft:vine":4,"minecraft:stripped_oak_log":2,"iceandfire:myrmex_resin_sticky_jungle":1,"minecraft:stone":294,"supplementaries:book_pile_horizontal":1,"minecraft:oak_slab":1,"minecraft:polished_granite":1,"minecraft:oak_fence":1,"minecraft:crafting_table":16,"minecraft:emerald_ore":7,"minecraft:tall_grass":39,"cobblemon:cyan_mint":1,"minecraft:lapis_ore":3,"minecraft:diorite":11,"supplementaries:urn":24,"minecraft:coarse_dirt":2,"iceandfire:myrmex_jungle_biolight":5,"minecraft:coal_ore":30,"iceandfire:silver_pile":13,"minecraft:cocoa":4,"minecraft:gravel":1,"minecraft:cobweb":15,"minecraft:terracotta":11,"minecraft:oak_button":3,"cobblemon:sun_stone_ore":1,"minecraft:gold_ore":18,"minecraft:fern":3}},"DataVersion":3465}