{"stats":{"minecraft:crafted":{"minecraft:oak_planks":20,"comforts:sleeping_bag_white":1,"minecraft:cooked_chicken":1,"minecraft:furnace":1,"minecraft:cooked_mutton":6,"minecraft:iron_boots":1,"minecraft:stone_pickaxe":1,"minecraft:chest":1,"minecraft:oak_button":1,"minecraft:cooked_beef":3,"minecraft:diamond_sword":1,"sophisticatedbackpacks:backpack":1,"minecraft:cooked_porkchop":16,"minecraft:crafting_table":4,"minecraft:wooden_pickaxe":1,"minecraft:stone_axe":1,"minecraft:air":72,"supplementaries:speaker_block":1,"minecraft:oak_boat":1,"minecraft:white_wool":1,"minecraft:iron_chestplate":1,"minecraft:diamond_pickaxe":1,"minecraft:shield":1,"minecraft:stick":1,"minecraft:iron_ingot":15,"minecraft:stone_sword":1,"minecraft:gold_ingot":2,"minecraft:iron_leggings":1},"minecraft:killed":{"alexsmobs:raccoon":1,"minecraft:spider":3,"minecraft:skeleton":6,"minecraft:chicken":1,"minecraft:drowned":1,"minecraft:pig":5,"cobblemon:pokemon":11,"minecraft:zombie_villager":1,"minecraft:sheep":4,"minecraft:zombie":5,"alexsmobs:fly":1,"iceandfire:sea_serpent":1,"minecraft:cow":4},"minecraft:mined":{"iceandfire:silver_ore":1,"minecraft:granite":4,"minecraft:grass_block":4,"supplementaries:speaker_block":1,"minecraft:furnace":5,"minecraft:iron_ore":18,"minecraft:andesite":2,"minecraft:pumpkin":1,"minecraft:vine":1,"minecraft:iron_bars":1,"minecraft:stone":63,"minecraft:crafting_table":8,"cobblemon:apricorn_leaves":2,"iceandfire:ghost_chest":1,"minecraft:chest":1,"supplementaries:wild_flax":2,"minecraft:tall_grass":20,"minecraft:cobblestone":1,"minecraft:sugar_cane":2,"supplementaries:urn":6,"minecraft:wither_rose":1,"minecraft:grass":39,"minecraft:oak_log":17,"minecraft:coal_ore":25,"minecraft:dirt":4,"minecraft:cobweb":6,"minecraft:oak_button":3},"minecraft:killed_by":{"minecraft:zombie":1},"minecraft:dropped":{"iceandfire:raw_silver":1,"minecraft:wheat_seeds":3,"minecraft:cooked_beef":2,"minecraft:oak_log":5,"supplementaries:speaker_block":1,"minecraft:crafting_table":1,"minecraft:cooked_porkchop":2,"cobblemon:green_apricorn_seed":1,"minecraft:cobblestone":3,"minecraft:coal":2,"iceandfire:graveyard_soil":5,"minecraft:stick":2,"minecraft:dirt":11,"minecraft:gray_wool":4,"minecraft:mutton":1,"cobblemon:green_apricorn":4,"tombstone:grave_dust":1,"minecraft:potion":1,"minecraft:wither_rose":1,"minecraft:gold_nugget":9,"minecraft:pumpkin":1,"minecraft:heart_of_the_sea":1,"minecraft:white_wool":2,"minecraft:bone":11,"minecraft:sugar_cane":6,"minecraft:stone_sword":1,"alexsmobs:animal_dictionary":1,"minecraft:raw_copper":4,"minecraft:rotten_flesh":4,"supplementaries:antique_ink":3,"minecraft:filled_map":1,"supplementaries:flax_seeds":3,"minecraft:oak_button":1,"iceandfire:copper_sword":1,"minecraft:andesite":2,"minecraft:chest":2,"minecraft:spider_eye":1,"minecraft:iron_bars":1,"minecraft:wooden_pickaxe":3,"minecraft:stone_pickaxe":1},"minecraft:picked_up":{"minecraft:crafting_table":7,"iceandfire:copper_sword":1,"minecraft:chicken":1,"minecraft:wooden_pickaxe":2,"minecraft:wither_rose":1,"minecraft:string":9,"minecraft:raw_copper":4,"iceandfire:graveyard_soil":5,"minecraft:gold_nugget":27,"cobblemon:green_apricorn":4,"comforts:sleeping_bag_white":1,"minecraft:beef":11,"cobblemon:oran_berry":1,"minecraft:oak_boat":2,"minecraft:sugar_cane":6,"minecraft:chest":3,"cobblemon:green_apricorn_seed":2,"minecraft:furnace":5,"minecraft:stick":8,"minecraft:raw_iron":15,"supplementaries:speaker_block":1,"minecraft:torch":7,"minecraft:porkchop":21,"minecraft:arrow":4,"minecraft:rotten_flesh":6,"supplementaries:antique_ink":3,"minecraft:mutton":7,"minecraft:iron_bars":1,"minecraft:white_wool":4,"minecraft:cobblestone":68,"iceandfire:sea_serpent_fang":6,"minecraft:andesite":2,"minecraft:leather":5,"minecraft:filled_map":1,"iceandfire:ectoplasm":5,"minecraft:oak_log":22,"supplementaries:flax_seeds":3,"minecraft:dirt":15,"minecraft:bone":11,"minecraft:wheat_seeds":3,"minecraft:heart_of_the_sea":1,"iceandfire:sea_serpent_scales_deepblue":4,"cobblemon:azure_ball":1,"minecraft:pumpkin":1,"cobblemon:max_revive":1,"artifacts:scarf_of_invisibility":1,"minecraft:spider_eye":1,"alexsmobs:animal_dictionary":1,"minecraft:diamond":5,"minecraft:granite":4,"minecraft:gray_wool":4,"minecraft:emerald":5,"minecraft:oak_button":3,"alexsmobs:maggot":2,"minecraft:coal":105,"iceandfire:raw_silver":1},"minecraft:used":{"minecraft:stone_sword":51,"minecraft:chest":1,"minecraft:shield":3,"minecraft:cooked_chicken":1,"minecraft:cooked_salmon":3,"minecraft:rotten_flesh":2,"minecraft:torch":1,"minecraft:dirt":4,"iceandfire:copper_sword":2,"minecraft:granite":4,"alexsmobs:maggot":2,"supplementaries:speaker_block":1,"minecraft:furnace":5,"tombstone:gift":4,"comforts:sleeping_bag_white":1,"minecraft:cooked_beef":1,"minecraft:cooked_mutton":4,"minecraft:stone_pickaxe":24,"minecraft:wooden_pickaxe":17,"minecraft:crafting_table":9,"cobblemon:green_apricorn_seed":1,"minecraft:diamond_pickaxe":88,"minecraft:apple":5,"minecraft:oak_button":3,"minecraft:stone_axe":31,"minecraft:diamond_sword":92,"minecraft:cobblestone":36,"minecraft:cooked_porkchop":8,"alexsmobs:animal_dictionary":1,"minecraft:oak_boat":2,"minecraft:cobweb":6},"minecraft:custom":{"minecraft:mob_kills":44,"minecraft:interact_with_crafting_table":26,"minecraft:open_barrel":3,"minecraft:leave_game":1,"minecraft:time_since_death":76793,"minecraft:sprint_one_cm":215757,"minecraft:walk_one_cm":190585,"minecraft:damage_blocked_by_shield":210,"minecraft:drop":61,"minecraft:talked_to_villager":2,"minecraft:play_time":115106,"minecraft:deaths":2,"minecraft:sneak_time":2123,"minecraft:walk_under_water_one_cm":12424,"minecraft:boat_one_cm":66659,"minecraft:jump":1604,"minecraft:walk_on_water_one_cm":9461,"minecraft:total_world_time":115106,"minecraft:interact_with_furnace":29,"minecraft:interact_with_cartography_table":1,"minecraft:sleep_in_bed":1,"minecraft:time_since_rest":49109,"minecraft:damage_taken":4260,"minecraft:damage_dealt":6231,"minecraft:swim_one_cm":30048,"minecraft:fly_one_cm":350883,"minecraft:open_chest":4,"minecraft:crouch_one_cm":5841,"tombstone:undead_killed":13,"minecraft:fall_one_cm":45314}},"DataVersion":3465}