{"stats":{"minecraft:crafted":{"minecraft:oak_planks":4,"minecraft:crafting_table":1,"minecraft:stick":1,"minecraft:wooden_pickaxe":1,"minecraft:air":22},"minecraft:killed":{"minecraft:skeleton":2,"minecraft:zombie":4},"minecraft:mined":{"minecraft:grass":3,"minecraft:grass_block":1,"minecraft:oak_log":4,"minecraft:chest":1,"minecraft:stone":12},"minecraft:killed_by":{"minecraft:zombie":1},"minecraft:picked_up":{"cobblemon:max_revive":1,"minecraft:oak_log":4,"alexsmobs:animal_dictionary":1,"minecraft:dirt":3,"minecraft:bone":2,"minecraft:rotten_flesh":4,"minecraft:chest":2,"minecraft:cobblestone":16},"minecraft:dropped":{"minecraft:dirt":1,"minecraft:crafting_table":1},"minecraft:used":{"minecraft:apple":4,"minecraft:chest":1,"minecraft:wooden_pickaxe":12,"minecraft:rotten_flesh":2,"minecraft:dirt":2,"tombstone:gift":2},"minecraft:custom":{"minecraft:time_since_rest":5150,"minecraft:sprint_one_cm":11565,"minecraft:damage_taken":910,"minecraft:walk_one_cm":40968,"minecraft:mob_kills":6,"minecraft:drop":2,"minecraft:damage_dealt":807,"minecraft:interact_with_crafting_table":2,"minecraft:fly_one_cm":5044,"minecraft:open_chest":1,"minecraft:crouch_one_cm":1775,"minecraft:play_time":19106,"tombstone:undead_killed":6,"minecraft:deaths":1,"minecraft:sneak_time":544,"minecraft:jump":111,"minecraft:leave_game":1,"minecraft:time_since_death":5740,"minecraft:total_world_time":19106,"minecraft:fall_one_cm":1004}},"DataVersion":3465}