{"stats":{"minecraft:crafted":{"minecraft:oak_planks":51,"alexsmobs:banana_peel":2,"minecraft:cooked_chicken":5,"iceandfire:lectern":1,"iceandfire:tide_teal_chestplate":1,"sophisticatedbackpacks:crafting_upgrade":1,"minecraft:cooked_mutton":12,"minecraft:iron_boots":1,"minecraft:chest":2,"minecraft:oak_button":1,"sophisticatedbackpacks:backpack":1,"minecraft:cooked_porkchop":28,"minecraft:crafting_table":12,"iceandfire:tide_teal_boots":1,"minecraft:wooden_pickaxe":1,"sophisticatedbackpacks:upgrade_base":3,"minecraft:iron_chestplate":2,"minecraft:diamond_pickaxe":1,"minecraft:shield":2,"iceandfire:tide_teal_helmet":3,"iceandfire:tide_teal_leggings":1,"minecraft:stick":7,"minecraft:iron_ingot":33,"minecraft:stone_sword":1,"minecraft:gold_ingot":24,"sophisticatedbackpacks:blasting_upgrade":1,"cobblemon:love_ball":4,"iceandfire:tide_deepblue_boots":1,"minecraft:stone_shovel":1,"comforts:sleeping_bag_white":1,"minecraft:furnace":1,"iceandfire:dragon_flute":1,"cobblemon:premier_ball":4,"minecraft:iron_axe":1,"minecraft:stone_pickaxe":1,"minecraft:wheat":16,"sophisticatedbackpacks:iron_backpack":1,"minecraft:cooked_beef":28,"paraglider:paraglider":1,"minecraft:cooked_cod":3,"minecraft:diamond_sword":1,"iceandfire:silver_ingot":16,"minecraft:cooked_salmon":1,"sophisticatedbackpacks:gold_backpack":1,"cobblemon:roseate_ball":8,"minecraft:stone_axe":1,"minecraft:bread":50,"minecraft:air":383,"minecraft:jungle_planks":16,"supplementaries:speaker_block":1,"minecraft:oak_boat":2,"iceandfire:bestiary":1,"minecraft:white_wool":1,"minecraft:iron_leggings":2,"sophisticatedbackpacks:smoking_upgrade":1},"minecraft:killed":{"minecraft:witch":3,"minecraft:spider":15,"minecraft:skeleton":20,"alexsmobs:leafcutter_ant":3,"minecraft:chicken":5,"alexsmobs:centipede_head":1,"artifacts:mimic":2,"iceandfire:myrmex_worker":3,"minecraft:pig":8,"minecraft:zombie_villager":1,"minecraft:creeper":1,"minecraft:sheep":8,"minecraft:pillager":11,"minecraft:zombie":34,"iceandfire:myrmex_queen":1,"alexsmobs:fly":2,"iceandfire:sea_serpent":2,"minecraft:cow":14,"alexsmobs:raccoon":1,"minecraft:vindicator":2,"alexsmobs:seagull":1,"minecraft:horse":2,"minecraft:drowned":11,"cobblemon:pokemon":18,"minecraft:ravager":2,"alexsmobs:emu":2,"iceandfire:myrmex_soldier":3,"iceandfire:ghost":6,"minecraft:enderman":1},"minecraft:mined":{"minecraft:large_amethyst_bud":5,"cobblemon:dawn_stone_ore":2,"alexsmobs:leafcutter_anthill":1,"minecraft:jungle_leaves":1,"cobblemon:big_root":1,"minecraft:granite":5,"minecraft:budding_amethyst":2,"minecraft:grass_block":25,"minecraft:jungle_log":7,"iceandfire:lectern":1,"supplementaries:speaker_block":1,"minecraft:tall_seagrass":4,"minecraft:iron_ore":49,"minecraft:pumpkin":1,"minecraft:deepslate_lapis_ore":1,"iceandfire:gold_pile":19,"minecraft:iron_bars":2,"minecraft:tripwire":1,"minecraft:cut_sandstone":4,"iceandfire:myrmex_resin_jungle":1,"minecraft:smoker":5,"minecraft:orange_terracotta":4,"minecraft:amethyst_cluster":6,"cobblemon:leaf_stone_ore":1,"cobblemon:apricorn_leaves":2,"minecraft:light_gray_terracotta":1,"minecraft:blast_furnace":1,"cobblemon:fire_stone_ore":1,"minecraft:calcite":3,"iceandfire:ghost_chest":2,"minecraft:chest":1,"minecraft:dead_bush":2,"supplementaries:wild_flax":3,"iceandfire:fire_lily":1,"cobblemon:energy_root":1,"minecraft:cobblestone":5,"minecraft:oak_planks":3,"minecraft:sugar_cane":2,"minecraft:amethyst_block":3,"minecraft:white_terracotta":1,"minecraft:seagrass":1,"minecraft:light_blue_terracotta":1,"minecraft:tnt":3,"minecraft:wither_rose":1,"minecraft:grass":100,"minecraft:oak_log":33,"cobblemon:thunder_stone_ore":2,"minecraft:sand":6,"minecraft:dirt":21,"minecraft:smooth_basalt":2,"minecraft:deepslate":2,"minecraft:oak_leaves":13,"iceandfire:lightning_lily":1,"alexscaves:spelunkery_table":1,"iceandfire:silver_ore":1,"minecraft:ladder":2,"minecraft:hay_block":16,"minecraft:redstone_ore":12,"minecraft:furnace":7,"minecraft:suspicious_sand":2,"minecraft:andesite":9,"minecraft:gold_block":1,"minecraft:vine":3,"minecraft:stripped_oak_log":2,"iceandfire:myrmex_resin_sticky_jungle":1,"minecraft:stone":276,"supplementaries:book_pile_horizontal":1,"minecraft:oak_slab":1,"minecraft:polished_granite":1,"minecraft:oak_fence":1,"minecraft:crafting_table":16,"minecraft:emerald_ore":6,"minecraft:tall_grass":24,"cobblemon:cyan_mint":1,"minecraft:lapis_ore":3,"minecraft:diorite":11,"supplementaries:urn":24,"minecraft:coarse_dirt":2,"iceandfire:myrmex_jungle_biolight":5,"minecraft:coal_ore":27,"iceandfire:silver_pile":13,"minecraft:cocoa":4,"minecraft:cobweb":15,"minecraft:terracotta":11,"minecraft:oak_button":3,"cobblemon:sun_stone_ore":1,"minecraft:gold_ore":18,"minecraft:fern":2},"minecraft:broken":{"minecraft:shield":1},"minecraft:killed_by":{"minecraft:zombie":1},"minecraft:dropped":{"iceandfire:raw_silver":1,"minecraft:cooked_beef":5,"minecraft:oak_log":5,"supplementaries:speaker_block":1,"minecraft:glass_bottle":1,"minecraft:crafting_table":2,"minecraft:cooked_porkchop":2,"minecraft:jungle_planks":4,"iceandfire:ectoplasm":5,"iceandfire:graveyard_soil":5,"minecraft:gold_block":1,"minecraft:dirt":29,"cobblemon:white_apricorn":1,"minecraft:mutton":1,"minecraft:cooked_cod":2,"minecraft:cut_sandstone":2,"cobblemon:green_apricorn":4,"minecraft:gold_nugget":10,"alexsmobs:emu_feather":1,"minecraft:sand":5,"minecraft:fishing_rod":1,"iceandfire:myrmex_resin_jungle":2,"minecraft:white_wool":5,"iceandfire:myrmex_jungle_chitin":5,"minecraft:bone":13,"minecraft:stone_axe":1,"minecraft:sugar_cane":6,"cobblemon:big_root":1,"alexsmobs:animal_dictionary":2,"cobblemon:rare_candy":3,"cobblemon:cheri_berry":11,"minecraft:rotten_flesh":10,"minecraft:oak_planks":7,"alexsmobs:cachalot_whale_tooth":1,"iceandfire:myrmex_resin_sticky_jungle":1,"supplementaries:antique_ink":3,"sophisticatedbackpacks:smoking_upgrade":2,"supplementaries:flax_seeds":8,"supplementaries:ash":2,"iceandfire:ghost_chest":2,"minecraft:gunpowder":3,"minecraft:charcoal":2,"minecraft:skeleton_skull":1,"minecraft:beetroot_seeds":2,"minecraft:chest":2,"cobblemon:fire_stone":4,"comforts:sleeping_bag_white":1,"minecraft:iron_bars":1,"artifacts:scarf_of_invisibility":1,"iceandfire:manuscript":6,"minecraft:iron_ingot":6,"minecraft:bread":8,"minecraft:oak_slab":2,"minecraft:wheat_seeds":12,"minecraft:oak_fence":1,"cobblemon:green_apricorn_seed":1,"minecraft:feather":5,"minecraft:cobblestone":19,"minecraft:copper_ingot":2,"minecraft:coal":2,"minecraft:stick":2,"iceandfire:tide_deepblue_boots":1,"minecraft:cobweb":2,"minecraft:gray_wool":4,"minecraft:diorite":2,"iceandfire:copper_nugget":46,"iceandfire:myrmex_jungle_biolight":14,"minecraft:rabbit":1,"tombstone:grave_dust":4,"minecraft:potion":2,"minecraft:iron_leggings":1,"minecraft:pumpkin":1,"minecraft:wither_rose":1,"minecraft:heart_of_the_sea":1,"minecraft:white_banner":1,"minecraft:string":1,"minecraft:bucket":2,"iceandfire:dragonbone":3,"minecraft:smooth_basalt":2,"iceandfire:silver_nugget":4,"minecraft:furnace":1,"alexsmobs:maggot":1,"minecraft:coarse_dirt":4,"minecraft:stone_sword":1,"minecraft:raw_copper":4,"minecraft:cocoa_beans":21,"minecraft:stone_shovel":1,"minecraft:iron_boots":2,"minecraft:stripped_oak_log":2,"sophisticatedbackpacks:backpack":3,"minecraft:torchflower_seeds":4,"minecraft:filled_map":3,"cobblemon:exp_candy_xs":2,"minecraft:oak_button":1,"iceandfire:copper_sword":1,"iceandfire:dragonscales_amythest":19,"minecraft:iron_chestplate":1,"minecraft:andesite":3,"artifacts:steadfast_spikes":1,"iceandfire:silver_ingot":2,"cobblemon:energy_root":1,"minecraft:spider_eye":6,"minecraft:stone_pickaxe":1,"minecraft:wooden_pickaxe":3,"iceandfire:dragon_skull_lightning":4,"minecraft:terracotta":11},"minecraft:picked_up":{"minecraft:iron_chestplate":1,"cobblemon:leaf_stone":1,"iceandfire:copper_sword":1,"minecraft:wither_rose":1,"iceandfire:myrmex_jungle_chitin":21,"minecraft:amethyst_block":3,"cobblemon:wepear_berry":12,"iceandfire:manuscript":14,"minecraft:string":30,"minecraft:raw_copper":4,"iceandfire:sea_serpent_scales_teal":35,"minecraft:iron_leggings":1,"alexsmobs:emu_feather":1,"cobblemon:white_apricorn_seed":2,"minecraft:gold_nugget":217,"minecraft:cobbled_deepslate":2,"minecraft:bucket":2,"comforts:sleeping_bag_white":10,"artifacts:aqua_dashers":1,"cobblemon:oran_berry":12,"minecraft:calcite":3,"cobblemon:big_root":1,"minecraft:iron_boots":1,"minecraft:furnace":8,"minecraft:stick":12,"iceandfire:ghost_chest":2,"supplementaries:speaker_block":1,"minecraft:oak_fence":1,"minecraft:torch":36,"iceandfire:myrmex_resin_sticky_jungle":1,"minecraft:porkchop":28,"tombstone:grave_dust":4,"minecraft:diorite":11,"iceandfire:lightning_lily":1,"minecraft:rotten_flesh":29,"supplementaries:antique_ink":3,"minecraft:white_terracotta":1,"supplementaries:ash":2,"minecraft:cod":4,"minecraft:iron_bars":1,"minecraft:cobblestone":288,"minecraft:feather":5,"minecraft:andesite":9,"minecraft:jungle_log":7,"minecraft:smoker":5,"cobblemon:razz_berry":14,"cobblemon:roseate_ball":2,"supplementaries:flute":1,"supplementaries:flax_seeds":8,"minecraft:lapis_lazuli":44,"minecraft:dirt":51,"minecraft:bone":31,"iceandfire:myrmex_jungle_resin":5,"minecraft:wheat_seeds":12,"immersive_paintings:graffiti":5,"minecraft:raw_gold":23,"cobblemon:thunder_stone":3,"minecraft:rabbit":1,"minecraft:glowstone_dust":2,"minecraft:oak_planks":6,"iceandfire:dragonscales_amythest":19,"cobblemon:sun_stone":1,"cobblemon:rare_candy":3,"cobblemon:fire_stone":5,"minecraft:sand":5,"cobblemon:max_revive":1,"cobblemon:persim_berry":6,"iceandfire:myrmex_stinger":1,"alexsmobs:animal_dictionary":1,"minecraft:bundle":1,"minecraft:light_gray_terracotta":1,"minecraft:diamond":5,"iceandfire:lectern":1,"minecraft:granite":6,"iceandfire:myrmex_jungle_biolight":14,"minecraft:emerald":24,"minecraft:bread":3,"alexsmobs:maggot":5,"iceandfire:silver_nugget":148,"cobblemon:energy_root":1,"iceandfire:raw_silver":1,"minecraft:crafting_table":16,"iceandfire:dragon_skull_lightning":4,"minecraft:charcoal":2,"minecraft:fishing_rod":1,"minecraft:cocoa_beans":18,"minecraft:coarse_dirt":4,"artifacts:night_vision_goggles":1,"minecraft:chicken":5,"iceandfire:fire_lily":1,"minecraft:wooden_pickaxe":2,"minecraft:gold_block":2,"cobblemon:white_apricorn":9,"iceandfire:ghost_ingot":1,"iceandfire:graveyard_soil":5,"cobblemon:green_apricorn":4,"minecraft:beef":34,"minecraft:oak_boat":5,"minecraft:sugar_cane":6,"minecraft:chest":3,"cobblemon:green_apricorn_seed":2,"minecraft:raw_iron":54,"iceandfire:dragonbone":8,"cobblemon:love_ball":1,"minecraft:copper_ingot":34,"sophisticatedbackpacks:backpack":2,"minecraft:redstone":62,"alexsmobs:leafcutter_ant_pupa":1,"minecraft:tnt":3,"cobblemon:dawn_stone":3,"iceandfire:silver_ingot":4,"minecraft:arrow":9,"minecraft:hay_block":16,"alexscaves:spelunkery_table":1,"minecraft:saddle":1,"sophisticatedbackpacks:copper_backpack":1,"minecraft:mutton":13,"minecraft:skeleton_skull":1,"minecraft:white_wool":7,"minecraft:stripped_oak_log":2,"iceandfire:sea_serpent_fang":12,"minecraft:salmon":1,"minecraft:cut_sandstone":2,"minecraft:leather":17,"minecraft:filled_map":2,"alexsmobs:cachalot_whale_tooth":1,"minecraft:oak_log":38,"iceandfire:ectoplasm":5,"minecraft:gunpowder":5,"sophisticatedbackpacks:smoking_upgrade":2,"iceandfire:myrmex_resin_jungle":2,"minecraft:white_banner":1,"cobblemon:pink_apricorn_seed":1,"minecraft:orange_terracotta":4,"minecraft:apple":1,"minecraft:heart_of_the_sea":1,"minecraft:iron_ingot":9,"minecraft:cobweb":4,"tombstone:bag_of_seeds":1,"artifacts:steadfast_spikes":1,"minecraft:glass_bottle":1,"iceandfire:sea_serpent_scales_deepblue":4,"minecraft:book":1,"cobblemon:azure_ball":3,"minecraft:oak_slab":2,"cobblemon:exp_candy_xs":2,"iceandfire:copper_nugget":46,"minecraft:smooth_basalt":2,"minecraft:pumpkin":1,"cobblemon:cheri_berry":11,"minecraft:amethyst_shard":32,"minecraft:blast_furnace":1,"cobblemon:pink_apricorn":25,"artifacts:scarf_of_invisibility":1,"minecraft:spider_eye":6,"iceandfire:myrmex_jungle_egg":3,"minecraft:gray_wool":4,"minecraft:oak_button":3,"minecraft:terracotta":11,"tombstone:magic_scroll":1,"minecraft:black_wool":1,"minecraft:coal":254,"minecraft:ender_pearl":1},"minecraft:used":{"iceandfire:lectern":1,"minecraft:chest":1,"minecraft:white_terracotta":1,"minecraft:shield":60,"minecraft:rotten_flesh":14,"iceandfire:lightning_lily":1,"minecraft:furnace":8,"minecraft:cooked_cod":1,"minecraft:diorite":9,"minecraft:oak_planks":18,"minecraft:stone_pickaxe":24,"minecraft:ender_pearl":1,"minecraft:wooden_pickaxe":17,"minecraft:light_gray_terracotta":1,"immersive_paintings:graffiti":1,"cobblemon:green_apricorn_seed":1,"minecraft:bread":15,"minecraft:string":1,"minecraft:diamond_sword":706,"minecraft:andesite":6,"minecraft:oak_boat":7,"iceandfire:fire_lily":1,"minecraft:cobweb":8,"alexsmobs:banana_peel":1,"minecraft:stone_sword":51,"iceandfire:tide_teal_boots":1,"minecraft:stone_shovel":1,"minecraft:cooked_salmon":4,"minecraft:cooked_chicken":5,"minecraft:stick":2,"minecraft:torch":6,"minecraft:dirt":14,"iceandfire:copper_sword":2,"minecraft:granite":5,"alexsmobs:maggot":4,"minecraft:iron_axe":15,"cobblemon:pink_apricorn_seed":1,"supplementaries:speaker_block":1,"minecraft:gunpowder":1,"tombstone:gift":7,"comforts:sleeping_bag_white":9,"minecraft:cooked_beef":21,"minecraft:cobbled_deepslate":2,"minecraft:orange_terracotta":4,"minecraft:cooked_mutton":10,"minecraft:bundle":1,"minecraft:crafting_table":24,"iceandfire:tide_teal_helmet":1,"alexsmobs:leafcutter_ant_pupa":1,"minecraft:smoker":4,"minecraft:book":1,"tombstone:bag_of_seeds":1,"minecraft:black_wool":1,"minecraft:diamond_pickaxe":528,"minecraft:apple":5,"minecraft:oak_button":3,"minecraft:map":1,"minecraft:stone_axe":77,"minecraft:fishing_rod":4,"minecraft:cobblestone":252,"minecraft:cooked_porkchop":26,"alexsmobs:animal_dictionary":1,"iceandfire:tide_deepblue_boots":1},"minecraft:custom":{"minecraft:interact_with_crafting_table":59,"minecraft:open_barrel":15,"minecraft:leave_game":3,"minecraft:time_since_death":175318,"minecraft:sprint_one_cm":771764,"minecraft:damage_blocked_by_shield":5319,"minecraft:drop":213,"minecraft:talked_to_villager":8,"minecraft:play_time":466995,"minecraft:deaths":5,"minecraft:jump":5714,"minecraft:walk_on_water_one_cm":36967,"minecraft:interact_with_furnace":43,"minecraft:traded_with_villager":1,"minecraft:interact_with_cartography_table":1,"minecraft:sleep_in_bed":9,"minecraft:waystone_activated":3,"minecraft:damage_dealt":39549,"minecraft:crouch_one_cm":17784,"tombstone:undead_killed":72,"minecraft:interact_with_smoker":23,"minecraft:interact_with_smithing_table":1,"minecraft:mob_kills":188,"minecraft:climb_one_cm":5642,"minecraft:walk_one_cm":715272,"minecraft:damage_dealt_absorbed":80,"minecraft:raid_win":1,"minecraft:sneak_time":7127,"minecraft:walk_under_water_one_cm":77390,"minecraft:boat_one_cm":192395,"minecraft:interact_with_blast_furnace":1,"minecraft:total_world_time":466995,"tombstone:raider_killed":18,"minecraft:time_since_rest":24166,"minecraft:damage_taken":15212,"minecraft:trigger_trapped_chest":1,"minecraft:swim_one_cm":85714,"minecraft:fly_one_cm":1288298,"minecraft:open_chest":45,"minecraft:fish_caught":4,"minecraft:fall_one_cm":166141}},"DataVersion":3465}