{"stats":{"minecraft:killed":{"minecraft:skeleton":1},"minecraft:picked_up":{"minecraft:bone":2,"minecraft:chest":1},"minecraft:custom":{"minecraft:jump":10,"minecraft:time_since_rest":7106,"minecraft:crouch_one_cm":36,"minecraft:damage_dealt":17,"tombstone:undead_killed":1,"minecraft:leave_game":1,"minecraft:play_time":7106,"minecraft:sprint_one_cm":34,"minecraft:damage_taken":60,"minecraft:time_since_death":7106,"minecraft:walk_one_cm":5495,"minecraft:sneak_time":213,"minecraft:total_world_time":7106,"minecraft:mob_kills":1,"minecraft:fall_one_cm":484,"minecraft:fly_one_cm":257}},"DataVersion":3465}