{"stats":{"minecraft:mined":{"minecraft:grass":1,"minecraft:birch_log":7,"minecraft:birch_leaves":5},"minecraft:dropped":{"minecraft:chest":1},"minecraft:picked_up":{"minecraft:birch_log":7,"minecraft:birch_sapling":2},"minecraft:used":{"minecraft:birch_leaves":1,"minecraft:birch_log":1,"minecraft:chest":1},"minecraft:custom":{"minecraft:open_chest":1,"minecraft:time_since_rest":32846,"minecraft:crouch_one_cm":3,"minecraft:sprint_one_cm":2205,"minecraft:play_time":32846,"minecraft:damage_taken":285,"minecraft:walk_one_cm":8139,"minecraft:sneak_time":109,"minecraft:drop":1,"minecraft:jump":26,"minecraft:damage_dealt":68,"minecraft:leave_game":1,"minecraft:time_since_death":32846,"minecraft:total_world_time":32846,"minecraft:fly_one_cm":1126,"minecraft:fall_one_cm":1860}},"DataVersion":3465}