{"stats":{"minecraft:crafted":{"minecraft:oak_planks":5,"iceandfire:armor_electric_chestplate":1,"iceandfire:armor_amythest_chestplate":1,"minecraft:birch_slab":6,"iceandfire:armor_amythest_leggings":1,"iceandfire:armor_electric_leggings":1,"minecraft:iron_boots":1,"iceandfire:armor_black_helmet":1,"cobblemon:azure_ball":8,"supplementaries:flute":2,"sophisticatedbackpacks:backpack":1,"minecraft:crafting_table":1,"minecraft:wooden_pickaxe":1,"minecraft:iron_helmet":1,"minecraft:copper_ingot":65,"minecraft:birch_planks":6,"minecraft:iron_chestplate":1,"minecraft:shield":1,"minecraft:stick":24,"minecraft:iron_ingot":22,"minecraft:iron_pickaxe":1,"minecraft:stone_sword":1,"minecraft:gold_ingot":49,"comforts:sleeping_bag_white":1,"iceandfire:dragon_stick":1,"iceandfire:armor_amythest_helmet":1,"immersive_paintings:graffiti":8,"minecraft:stone_pickaxe":1,"iceandfire:armor_black_chestplate":1,"iceandfire:armor_electric_helmet":1,"minecraft:wheat":34,"minecraft:cooked_beef":11,"paraglider:paraglider":1,"minecraft:red_dye":7,"iceandfire:armor_black_leggings":1,"minecraft:diamond_sword":1,"iceandfire:armor_black_boots":2,"iceandfire:armor_amythest_boots":1,"minecraft:bucket":1,"minecraft:stone_axe":1,"minecraft:bread":45,"minecraft:air":364,"minecraft:oak_boat":1,"iceandfire:bestiary":1,"minecraft:white_wool":6,"minecraft:iron_leggings":1,"minecraft:white_bed":1,"minecraft:torch":6},"minecraft:killed":{"alexsmobs:lobster":2,"minecraft:spider":8,"minecraft:skeleton":6,"artifacts:mimic":1,"minecraft:creeper":1,"iceandfire:cockatrice":1,"minecraft:trader_llama":2,"minecraft:pillager":2,"minecraft:zombie":16,"iceandfire:lightning_dragon":3,"minecraft:cow":6,"alexsmobs:raccoon":2,"alexsmobs:seagull":2,"alexsmobs:rattlesnake":1,"alexsmobs:gorilla":1,"minecraft:horse":5,"iceandfire:fire_dragon":1,"alexsmobs:bison":2,"iceandfire:hippocampus":1,"cobblemon:pokemon":11,"minecraft:wandering_trader":1,"alexsmobs:elephant":1,"iceandfire:ghost":4},"minecraft:mined":{"minecraft:white_bed":5,"minecraft:sculk_vein":3,"iceandfire:copper_pile":38,"cobblemon:dawn_stone_ore":3,"minecraft:jungle_leaves":1,"minecraft:granite":2,"cobblemon:pink_apricorn":1,"minecraft:grass_block":33,"supplementaries:speaker_block":1,"comforts:sleeping_bag_white":1,"minecraft:iron_ore":24,"supplementaries:stick":6,"iceandfire:gold_pile":45,"cobblemon:pecha_berry":1,"minecraft:kelp_plant":3,"iceandfire:myrmex_resin_jungle":1,"minecraft:orange_terracotta":6,"minecraft:torch":1,"cobblemon:apricorn_leaves":29,"minecraft:light_gray_terracotta":1,"minecraft:poppy":7,"iceandfire:ghost_chest":1,"minecraft:chest":2,"minecraft:dead_bush":1,"minecraft:cobblestone":24,"minecraft:cyan_bed":4,"minecraft:wall_torch":1,"minecraft:white_terracotta":1,"minecraft:birch_log":7,"minecraft:lilac":8,"cobblemon:persim_berry":2,"minecraft:grass":154,"minecraft:oak_log":5,"minecraft:sand":12,"minecraft:dirt":35,"minecraft:oak_leaves":20,"minecraft:deepslate":22,"minecraft:yellow_terracotta":8,"iceandfire:silver_ore":2,"cobblemon:shiny_stone_ore":1,"minecraft:deepslate_diamond_ore":8,"iceandfire:chared_dirt":1,"minecraft:sandstone":1,"minecraft:hay_block":16,"minecraft:furnace":5,"minecraft:andesite":16,"minecraft:deepslate_iron_ore":2,"minecraft:vine":1,"iceandfire:myrmex_resin_sticky_jungle":1,"minecraft:bamboo":1,"minecraft:stone":152,"minecraft:crafting_table":24,"minecraft:emerald_ore":5,"minecraft:sculk_sensor":1,"minecraft:tall_grass":27,"minecraft:copper_ore":1,"minecraft:sculk":93,"minecraft:diorite":24,"cobblemon:relic_coin_pouch":2,"supplementaries:urn":10,"minecraft:birch_planks":3,"minecraft:red_terracotta":2,"minecraft:birch_leaves":13,"minecraft:coal_ore":11,"iceandfire:silver_pile":3,"minecraft:gravel":5,"minecraft:cobweb":1,"minecraft:cracked_stone_bricks":2,"minecraft:terracotta":21,"cobblemon:sun_stone_ore":1,"minecraft:stone_bricks":1,"minecraft:fern":16},"minecraft:broken":{"iceandfire:armor_amythest_helmet":1,"minecraft:shield":1,"minecraft:iron_helmet":1},"minecraft:killed_by":{"minecraft:zombie":1,"iceandfire:fire_dragon":2,"alexsmobs:bison":1,"minecraft:skeleton":1,"iceandfire:lightning_dragon":11,"iceandfire:cockatrice":1},"minecraft:dropped":{"iceandfire:raw_silver":1,"minecraft:oak_log":4,"cobblemon:blue_apricorn":6,"cobblemon:sun_stone":2,"minecraft:crafting_table":2,"minecraft:glass_bottle":3,"minecraft:leather":2,"iceandfire:ectoplasm":6,"minecraft:cracked_stone_bricks":2,"minecraft:birch_slab":6,"cobblemon:vivichoke_seeds":1,"iceandfire:graveyard_soil":2,"minecraft:flint":1,"minecraft:emerald":8,"minecraft:dirt":21,"cobblemon:green_apricorn":4,"minecraft:sand":19,"paraglider:paraglider":1,"minecraft:fishing_rod":1,"minecraft:white_wool":4,"cobblemon:red_apricorn":16,"minecraft:gravel":3,"minecraft:cobbled_deepslate":4,"alexsmobs:animal_dictionary":2,"minecraft:wheat":9,"cobblemon:cheri_berry":8,"minecraft:rotten_flesh":15,"iceandfire:crackled_gravel":10,"iceandfire:shiny_scales":3,"minecraft:rabbit_hide":1,"minecraft:leather_chestplate":1,"supplementaries:ash":1,"minecraft:gunpowder":6,"cobblemon:rawst_berry":3,"minecraft:beetroot_seeds":3,"iceandfire:bestiary":1,"minecraft:chest":1,"minecraft:ladder":1,"cobblemon:fire_stone":1,"comforts:sleeping_bag_white":1,"artifacts:scarf_of_invisibility":1,"iceandfire:manuscript":6,"minecraft:iron_ingot":1,"minecraft:wheat_seeds":22,"minecraft:lilac":16,"cobblemon:max_revive":1,"iceandfire:armor_copper_metal_chestplate":2,"minecraft:feather":5,"minecraft:cobblestone":12,"immersive_paintings:graffiti":5,"cobblemon:potion":3,"iceandfire:dragon_stick":1,"minecraft:apple":6,"cobblemon:water_stone":1,"minecraft:copper_ingot":32,"minecraft:acacia_log":1,"cobblemon:oran_berry":2,"minecraft:stick":10,"cobblemon:pink_apricorn":5,"minecraft:diorite":10,"iceandfire:dragonscales_black":1,"iceandfire:crackled_dirt":2,"iceandfire:copper_nugget":46,"tombstone:grave_key":1,"iceandfire:silver_sword":1,"minecraft:rabbit":1,"tombstone:grave_dust":2,"minecraft:iron_leggings":3,"iceandfire:crackled_grass":4,"minecraft:string":5,"minecraft:kelp":11,"iceandfire:lightning_dragon_heart":2,"minecraft:stone_sword":1,"cobblemon:azure_ball":2,"minecraft:chicken":1,"cobblemon:yellow_apricorn":1,"minecraft:iron_boots":2,"minecraft:filled_map":4,"alexsmobs:lobster_tail":2,"iceandfire:copper_sword":1,"cobblemon:remedy":1,"minecraft:iron_chestplate":3,"minecraft:andesite":1,"iceandfire:silver_ingot":2,"minecraft:oak_sapling":1,"minecraft:spider_eye":1,"minecraft:stone_bricks":1,"minecraft:stone_pickaxe":1,"minecraft:wooden_pickaxe":1,"waystones:waystone":1,"minecraft:nautilus_shell":1,"minecraft:cyan_bed":3,"iceandfire:dragon_skull_lightning":3,"supplementaries:flute":1},"minecraft:picked_up":{"cobblemon:remedy":1,"minecraft:iron_chestplate":2,"minecraft:wheat":9,"iceandfire:copper_sword":1,"minecraft:lead":2,"cobblemon:red_apricorn":24,"iceandfire:armor_copper_metal_chestplate":1,"minecraft:potion":1,"iceandfire:myrmex_jungle_chitin":5,"tombstone:grave_key":1,"iceandfire:manuscript":8,"minecraft:string":13,"minecraft:iron_leggings":2,"alexsmobs:emu_feather":1,"minecraft:gold_nugget":420,"minecraft:cobbled_deepslate":12,"comforts:sleeping_bag_white":21,"cobblemon:oran_berry":3,"alexsmobs:raccoon_tail":1,"cobblemon:big_root":1,"minecraft:iron_boots":1,"minecraft:furnace":4,"minecraft:stick":20,"supplementaries:speaker_block":2,"iceandfire:crackled_dirt":1,"minecraft:torch":15,"minecraft:acacia_log":1,"iceandfire:lightning_dragon_flesh":5,"iceandfire:crackled_gravel":9,"tombstone:grave_dust":2,"minecraft:diorite":23,"minecraft:stone_sword":1,"minecraft:rotten_flesh":30,"iceandfire:fire_dragon_heart":1,"iceandfire:crackled_grass":2,"minecraft:white_terracotta":1,"supplementaries:ash":1,"alexsmobs:lobster_tail":4,"minecraft:cobblestone":173,"paraglider:paraglider":1,"minecraft:nautilus_shell":1,"iceandfire:dragonscales_black":25,"minecraft:birch_log":7,"minecraft:cooked_beef":2,"minecraft:feather":5,"minecraft:lilac":16,"minecraft:birch_slab":6,"minecraft:andesite":16,"minecraft:flint":2,"iceandfire:dragonscales_bronze":18,"alexsmobs:mosquito_larva":1,"minecraft:dirt":76,"minecraft:bone":27,"minecraft:wheat_seeds":27,"immersive_paintings:graffiti":4,"cobblemon:potion":3,"minecraft:rabbit":1,"minecraft:bamboo":12,"iceandfire:dragonscales_amythest":23,"cobblemon:sun_stone":3,"minecraft:cooked_porkchop":1,"cobblemon:shiny_stone":1,"alexsmobs:shark_tooth":2,"cobblemon:fire_stone":2,"iceandfire:dragon_skull_fire":1,"iceandfire:shiny_scales":6,"minecraft:sand":20,"minecraft:cyan_bed":7,"iceandfire:lightning_dragon_heart":5,"alexsmobs:animal_dictionary":2,"minecraft:red_terracotta":2,"minecraft:bundle":1,"minecraft:light_gray_terracotta":1,"minecraft:diamond":8,"waystones:waystone":3,"alexsmobs:rattlesnake_rattle":1,"minecraft:bread":5,"minecraft:emerald":13,"minecraft:oak_sapling":2,"iceandfire:silver_nugget":10,"iceandfire:raw_silver":3,"iceandfire:dragon_skull_lightning":7,"minecraft:fishing_rod":1,"minecraft:crafting_table":27,"minecraft:chicken":1,"minecraft:ladder":3,"cobblemon:yellow_apricorn":1,"cobblemon:white_apricorn":4,"iceandfire:graveyard_soil":2,"iceandfire:bestiary":1,"minecraft:cracked_stone_bricks":2,"cobblemon:green_apricorn":10,"minecraft:beef":20,"cobblemon:relic_coin":17,"minecraft:oak_boat":2,"minecraft:poppy":7,"minecraft:birch_sapling":2,"minecraft:chest":2,"iceandfire:dragonscales_electric":20,"minecraft:raw_iron":25,"minecraft:sandstone":1,"iceandfire:dragonbone":76,"minecraft:copper_ingot":1,"sophisticatedbackpacks:backpack":1,"cobblemon:rawst_berry":3,"cobblemon:vivichoke_seeds":1,"cobblemon:dawn_stone":3,"minecraft:arrow":5,"minecraft:cooked_cod":2,"minecraft:beetroot_seeds":3,"minecraft:hay_block":16,"minecraft:yellow_terracotta":8,"minecraft:mutton":4,"minecraft:white_wool":7,"cobblemon:blue_apricorn":20,"iceandfire:armor_black_chestplate":1,"minecraft:air":1,"minecraft:leather":11,"minecraft:filled_map":3,"minecraft:birch_planks":3,"alexsmobs:cachalot_whale_tooth":1,"minecraft:oak_log":9,"iceandfire:ectoplasm":12,"minecraft:gunpowder":7,"minecraft:white_banner":1,"minecraft:orange_terracotta":15,"minecraft:apple":7,"minecraft:stone_bricks":1,"minecraft:kelp":11,"iceandfire:dragon_stick":1,"minecraft:rabbit_hide":1,"minecraft:iron_ingot":12,"artifacts:steadfast_spikes":1,"minecraft:glass_bottle":1,"iceandfire:fire_dragon_flesh":4,"cobblemon:azure_ball":6,"iceandfire:copper_nugget":664,"cobblemon:blue_apricorn_seed":1,"minecraft:gravel":3,"cobblemon:cheri_berry":12,"cobblemon:pink_apricorn":12,"minecraft:white_bed":5,"artifacts:scarf_of_invisibility":2,"minecraft:spider_eye":2,"minecraft:terracotta":42,"tombstone:magic_scroll":1,"cobblemon:water_stone":1,"minecraft:coal":14},"minecraft:used":{"minecraft:ladder":2,"minecraft:chest":1,"minecraft:shield":80,"minecraft:iron_chestplate":1,"minecraft:mutton":4,"minecraft:grass_block":5,"minecraft:iron_helmet":1,"iceandfire:armor_amythest_boots":1,"minecraft:furnace":3,"minecraft:cooked_cod":5,"minecraft:potato":20,"minecraft:diorite":13,"minecraft:birch_leaves":1,"minecraft:stone_pickaxe":127,"minecraft:oak_planks":5,"minecraft:wooden_pickaxe":8,"minecraft:sandstone":1,"minecraft:white_wool":1,"minecraft:sand":1,"minecraft:yellow_terracotta":1,"minecraft:light_gray_terracotta":1,"immersive_paintings:graffiti":3,"waystones:waystone":2,"minecraft:bread":3,"minecraft:cyan_bed":7,"minecraft:red_terracotta":2,"tombstone:grave_key":6,"minecraft:diamond_sword":635,"minecraft:birch_log":2,"minecraft:andesite":15,"minecraft:oak_boat":3,"minecraft:experience_bottle":2,"minecraft:stone_sword":84,"minecraft:stick":4,"minecraft:torch":27,"minecraft:dirt":55,"minecraft:iron_boots":1,"supplementaries:speaker_block":1,"minecraft:beef":9,"tombstone:gift":6,"comforts:sleeping_bag_white":20,"minecraft:cooked_beef":18,"minecraft:cobbled_deepslate":8,"minecraft:orange_terracotta":15,"minecraft:iron_leggings":1,"minecraft:water_bucket":8,"minecraft:bundle":1,"minecraft:birch_planks":3,"iceandfire:dragon_skull_lightning":2,"minecraft:terracotta":42,"minecraft:crafting_table":24,"minecraft:white_bed":6,"minecraft:apple":12,"minecraft:iron_pickaxe":221,"tombstone:magic_scroll":1,"minecraft:stone_axe":64,"minecraft:fishing_rod":2,"minecraft:cobblestone":73,"minecraft:potion":1,"minecraft:cooked_porkchop":1,"minecraft:bucket":8,"cobblemon:blue_apricorn_seed":1},"minecraft:custom":{"minecraft:interact_with_crafting_table":46,"minecraft:open_barrel":3,"minecraft:bell_ring":2,"minecraft:leave_game":3,"minecraft:time_since_death":18485,"minecraft:sprint_one_cm":490953,"minecraft:damage_blocked_by_shield":2912,"minecraft:drop":184,"minecraft:talked_to_villager":10,"minecraft:play_time":433102,"minecraft:deaths":22,"minecraft:jump":6432,"minecraft:walk_on_water_one_cm":84006,"minecraft:interact_with_furnace":24,"minecraft:interact_with_cartography_table":1,"minecraft:sleep_in_bed":25,"minecraft:waystone_activated":4,"minecraft:damage_dealt":27799,"minecraft:crouch_one_cm":21072,"tombstone:undead_killed":26,"tombstone:villager_killed":1,"minecraft:mob_kills":82,"minecraft:climb_one_cm":6787,"minecraft:walk_one_cm":611999,"minecraft:damage_dealt_absorbed":149,"minecraft:sneak_time":10976,"minecraft:walk_under_water_one_cm":74126,"minecraft:boat_one_cm":88771,"minecraft:total_world_time":433102,"tombstone:raider_killed":2,"minecraft:time_since_rest":8252,"minecraft:damage_taken":23641,"minecraft:trigger_trapped_chest":3,"minecraft:swim_one_cm":214368,"minecraft:fly_one_cm":1358806,"minecraft:open_chest":54,"minecraft:fall_one_cm":178001}},"DataVersion":3465}