{"stats":{"minecraft:crafted":{"minecraft:crafting_table":1,"comforts:sleeping_bag_white":1,"minecraft:wooden_pickaxe":1,"minecraft:birch_slab":6,"minecraft:birch_planks":6,"minecraft:stone_axe":1,"minecraft:air":30,"minecraft:white_wool":2,"minecraft:stick":16,"minecraft:stone_pickaxe":1,"minecraft:stone_sword":1},"minecraft:killed":{"cobblemon:pokemon":1,"minecraft:spider":1,"minecraft:skeleton":1,"minecraft:zombie":2,"artifacts:mimic":1},"minecraft:mined":{"minecraft:kelp_plant":3,"minecraft:crafting_table":1,"minecraft:grass_block":5,"minecraft:chest":2,"minecraft:birch_planks":3,"minecraft:birch_log":7,"minecraft:lilac":8,"minecraft:birch_leaves":5,"minecraft:grass":12,"minecraft:coal_ore":9,"minecraft:sand":12,"minecraft:dirt":6,"minecraft:stone":39,"minecraft:oak_leaves":7},"minecraft:killed_by":{"minecraft:skeleton":1,"minecraft:zombie":1},"minecraft:dropped":{"cobblemon:max_revive":1,"minecraft:cobblestone":5,"cobblemon:potion":1,"minecraft:stick":8,"minecraft:filled_map":2,"minecraft:chest":1,"minecraft:sand":1,"artifacts:scarf_of_invisibility":1},"minecraft:picked_up":{"minecraft:birch_log":7,"minecraft:crafting_table":2,"minecraft:lilac":8,"minecraft:birch_planks":3,"minecraft:filled_map":2,"minecraft:dirt":9,"minecraft:bone":4,"minecraft:kelp":11,"minecraft:wheat_seeds":2,"cobblemon:potion":1,"comforts:sleeping_bag_white":2,"minecraft:chest":2,"minecraft:birch_sapling":2,"cobblemon:azure_ball":1,"minecraft:stick":1,"minecraft:cooked_porkchop":1,"minecraft:sand":6,"tombstone:grave_dust":1,"artifacts:scarf_of_invisibility":1,"minecraft:arrow":2,"minecraft:rotten_flesh":3,"minecraft:mutton":1,"minecraft:coal":9,"minecraft:white_wool":1,"minecraft:cobblestone":40},"minecraft:used":{"minecraft:stone_sword":43,"minecraft:birch_planks":3,"minecraft:birch_leaves":1,"minecraft:stone_pickaxe":40,"minecraft:chest":1,"minecraft:wooden_pickaxe":8,"minecraft:dirt":4,"minecraft:sand":1,"minecraft:crafting_table":2,"minecraft:grass_block":4,"minecraft:stone_axe":20,"minecraft:cooked_cod":3,"minecraft:birch_log":2,"tombstone:gift":2,"comforts:sleeping_bag_white":2},"minecraft:custom":{"minecraft:interact_with_furnace":1,"minecraft:mob_kills":6,"minecraft:interact_with_cartography_table":1,"minecraft:interact_with_crafting_table":7,"minecraft:open_barrel":1,"minecraft:leave_game":1,"minecraft:time_since_death":4804,"minecraft:sleep_in_bed":3,"minecraft:time_since_rest":3223,"minecraft:sprint_one_cm":42871,"minecraft:damage_taken":3924,"minecraft:walk_one_cm":75831,"minecraft:drop":10,"minecraft:damage_dealt":1380,"minecraft:damage_dealt_absorbed":29,"minecraft:swim_one_cm":10366,"minecraft:fly_one_cm":58222,"minecraft:open_chest":8,"minecraft:crouch_one_cm":2490,"minecraft:play_time":68846,"tombstone:undead_killed":3,"minecraft:deaths":3,"minecraft:sneak_time":1798,"minecraft:walk_under_water_one_cm":3037,"minecraft:jump":388,"minecraft:walk_on_water_one_cm":3121,"minecraft:total_world_time":68846,"minecraft:fall_one_cm":14688}},"DataVersion":3465}