{"stats":{"minecraft:crafted":{"minecraft:oak_planks":4,"comforts:sleeping_bag_white":1,"minecraft:birch_slab":6,"minecraft:iron_boots":1,"minecraft:stone_pickaxe":1,"minecraft:cooked_beef":11,"paraglider:paraglider":1,"sophisticatedbackpacks:backpack":1,"minecraft:diamond_sword":1,"minecraft:crafting_table":1,"minecraft:wooden_pickaxe":1,"minecraft:iron_helmet":1,"minecraft:birch_planks":6,"minecraft:stone_axe":1,"minecraft:air":57,"minecraft:oak_boat":1,"minecraft:white_wool":2,"minecraft:iron_chestplate":1,"minecraft:shield":1,"minecraft:stick":21,"minecraft:iron_pickaxe":1,"minecraft:iron_ingot":22,"minecraft:stone_sword":1,"minecraft:iron_leggings":1,"minecraft:torch":4},"minecraft:killed":{"alexsmobs:lobster":2,"minecraft:spider":2,"minecraft:horse":5,"minecraft:skeleton":3,"alexsmobs:bison":2,"artifacts:mimic":1,"iceandfire:hippocampus":1,"cobblemon:pokemon":7,"minecraft:zombie":5,"minecraft:cow":5},"minecraft:mined":{"iceandfire:silver_ore":1,"minecraft:deepslate_diamond_ore":2,"minecraft:granite":1,"cobblemon:pink_apricorn":1,"minecraft:grass_block":10,"supplementaries:speaker_block":1,"minecraft:sandstone":1,"comforts:sleeping_bag_white":1,"minecraft:furnace":5,"minecraft:iron_ore":21,"minecraft:andesite":16,"minecraft:deepslate_iron_ore":2,"minecraft:stone":111,"minecraft:kelp_plant":3,"cobblemon:apricorn_leaves":24,"minecraft:crafting_table":8,"minecraft:torch":1,"minecraft:chest":2,"minecraft:tall_grass":14,"minecraft:copper_ore":1,"minecraft:cobblestone":24,"minecraft:cyan_bed":1,"minecraft:diorite":18,"cobblemon:relic_coin_pouch":2,"supplementaries:urn":8,"minecraft:birch_planks":3,"minecraft:birch_log":7,"minecraft:lilac":8,"minecraft:birch_leaves":13,"minecraft:grass":32,"minecraft:coal_ore":9,"minecraft:oak_log":4,"minecraft:dirt":22,"minecraft:sand":12,"minecraft:gravel":2,"minecraft:cracked_stone_bricks":1,"cobblemon:sun_stone_ore":1,"minecraft:oak_leaves":10,"minecraft:deepslate":18},"minecraft:killed_by":{"alexsmobs:bison":1,"minecraft:skeleton":1,"minecraft:zombie":1},"minecraft:dropped":{"minecraft:wheat_seeds":3,"minecraft:lilac":16,"minecraft:oak_log":4,"cobblemon:max_revive":1,"minecraft:cobblestone":5,"cobblemon:potion":1,"minecraft:leather":1,"minecraft:apple":5,"minecraft:cracked_stone_bricks":1,"cobblemon:vivichoke_seeds":1,"minecraft:stick":9,"minecraft:dirt":14,"minecraft:diorite":10,"tombstone:grave_key":1,"tombstone:grave_dust":2,"minecraft:sand":9,"paraglider:paraglider":1,"minecraft:string":2,"minecraft:white_wool":3,"minecraft:gravel":1,"minecraft:stone_sword":1,"alexsmobs:animal_dictionary":2,"minecraft:cobbled_deepslate":4,"cobblemon:yellow_apricorn":1,"minecraft:filled_map":3,"cobblemon:remedy":1,"minecraft:ladder":1,"minecraft:chest":1,"comforts:sleeping_bag_white":1,"minecraft:stone_pickaxe":1,"minecraft:wooden_pickaxe":1,"artifacts:scarf_of_invisibility":1},"minecraft:picked_up":{"cobblemon:remedy":1,"minecraft:crafting_table":10,"iceandfire:copper_sword":1,"minecraft:ladder":3,"cobblemon:yellow_apricorn":1,"cobblemon:red_apricorn":4,"tombstone:grave_key":1,"minecraft:string":4,"minecraft:cracked_stone_bricks":1,"minecraft:cobbled_deepslate":12,"cobblemon:green_apricorn":4,"comforts:sleeping_bag_white":11,"minecraft:beef":17,"cobblemon:oran_berry":1,"cobblemon:relic_coin":17,"minecraft:chest":2,"minecraft:birch_sapling":2,"minecraft:furnace":4,"minecraft:stick":2,"minecraft:raw_iron":22,"minecraft:sandstone":1,"supplementaries:speaker_block":2,"minecraft:copper_ingot":1,"minecraft:torch":1,"cobblemon:vivichoke_seeds":1,"tombstone:grave_dust":1,"minecraft:diorite":17,"minecraft:stone_sword":1,"minecraft:arrow":2,"minecraft:rotten_flesh":9,"supplementaries:ash":1,"minecraft:mutton":4,"minecraft:nautilus_shell":1,"minecraft:white_wool":6,"alexsmobs:lobster_tail":2,"minecraft:cobblestone":112,"paraglider:paraglider":1,"minecraft:birch_log":7,"minecraft:cooked_beef":2,"minecraft:lilac":16,"minecraft:andesite":16,"minecraft:leather":8,"minecraft:filled_map":2,"minecraft:birch_planks":3,"minecraft:oak_log":8,"iceandfire:ectoplasm":5,"minecraft:dirt":30,"minecraft:bone":24,"minecraft:apple":5,"minecraft:kelp":11,"minecraft:wheat_seeds":11,"cobblemon:potion":1,"cobblemon:sun_stone":1,"cobblemon:azure_ball":4,"minecraft:cooked_porkchop":1,"minecraft:gravel":1,"cobblemon:cheri_berry":4,"iceandfire:shiny_scales":3,"minecraft:sand":10,"cobblemon:pink_apricorn":5,"minecraft:cyan_bed":1,"artifacts:scarf_of_invisibility":1,"alexsmobs:animal_dictionary":2,"minecraft:diamond":2,"waystones:waystone":1,"tombstone:magic_scroll":1,"minecraft:coal":12,"iceandfire:raw_silver":1},"minecraft:used":{"minecraft:stone_sword":84,"minecraft:ladder":2,"minecraft:chest":1,"minecraft:iron_chestplate":1,"minecraft:torch":1,"minecraft:dirt":15,"minecraft:mutton":4,"minecraft:grass_block":5,"minecraft:iron_helmet":1,"minecraft:iron_boots":1,"supplementaries:speaker_block":1,"minecraft:beef":6,"minecraft:furnace":3,"minecraft:cooked_cod":3,"tombstone:gift":2,"comforts:sleeping_bag_white":10,"minecraft:cooked_beef":5,"minecraft:cobbled_deepslate":8,"minecraft:iron_leggings":1,"minecraft:diorite":7,"minecraft:birch_planks":3,"minecraft:birch_leaves":1,"minecraft:stone_pickaxe":127,"minecraft:wooden_pickaxe":8,"minecraft:sandstone":1,"minecraft:sand":1,"minecraft:crafting_table":10,"minecraft:apple":5,"minecraft:iron_pickaxe":107,"tombstone:magic_scroll":1,"minecraft:stone_axe":40,"minecraft:diamond_sword":86,"minecraft:cobblestone":73,"minecraft:cooked_porkchop":1,"minecraft:birch_log":2,"minecraft:andesite":15,"minecraft:oak_boat":1},"minecraft:custom":{"minecraft:mob_kills":33,"minecraft:interact_with_crafting_table":20,"minecraft:open_barrel":2,"minecraft:bell_ring":2,"minecraft:leave_game":1,"minecraft:time_since_death":41885,"minecraft:climb_one_cm":2196,"minecraft:sprint_one_cm":149844,"minecraft:walk_one_cm":205060,"minecraft:drop":44,"minecraft:damage_dealt_absorbed":29,"minecraft:talked_to_villager":1,"minecraft:play_time":164846,"minecraft:deaths":4,"minecraft:sneak_time":5165,"minecraft:walk_under_water_one_cm":32993,"minecraft:boat_one_cm":52616,"minecraft:jump":1733,"minecraft:walk_on_water_one_cm":42175,"minecraft:total_world_time":164846,"minecraft:interact_with_furnace":24,"minecraft:interact_with_cartography_table":1,"minecraft:sleep_in_bed":10,"minecraft:time_since_rest":15997,"minecraft:waystone_activated":1,"minecraft:damage_taken":5275,"minecraft:damage_dealt":7351,"minecraft:swim_one_cm":128724,"minecraft:fly_one_cm":292989,"minecraft:open_chest":8,"minecraft:crouch_one_cm":8169,"tombstone:undead_killed":8,"minecraft:fall_one_cm":42708}},"DataVersion":3465}