{"stats":{"minecraft:crafted":{"minecraft:oak_planks":4,"comforts:sleeping_bag_white":1,"minecraft:birch_slab":6,"minecraft:iron_boots":1,"minecraft:stone_pickaxe":1,"minecraft:cooked_beef":11,"paraglider:paraglider":1,"sophisticatedbackpacks:backpack":1,"minecraft:diamond_sword":1,"minecraft:crafting_table":1,"minecraft:wooden_pickaxe":1,"minecraft:iron_helmet":1,"minecraft:birch_planks":6,"minecraft:stone_axe":1,"minecraft:air":57,"minecraft:oak_boat":1,"minecraft:white_wool":2,"minecraft:iron_chestplate":1,"minecraft:shield":1,"minecraft:stick":21,"minecraft:iron_pickaxe":1,"minecraft:iron_ingot":22,"minecraft:stone_sword":1,"minecraft:iron_leggings":1,"minecraft:torch":4},"minecraft:killed":{"alexsmobs:lobster":2,"minecraft:spider":3,"minecraft:horse":5,"minecraft:skeleton":3,"alexsmobs:bison":2,"artifacts:mimic":1,"iceandfire:hippocampus":1,"cobblemon:pokemon":8,"minecraft:creeper":1,"iceandfire:cockatrice":1,"iceandfire:ghost":1,"minecraft:zombie":7,"minecraft:cow":5},"minecraft:mined":{"iceandfire:silver_ore":1,"minecraft:deepslate_diamond_ore":2,"iceandfire:copper_pile":3,"minecraft:granite":1,"cobblemon:pink_apricorn":1,"minecraft:grass_block":12,"supplementaries:speaker_block":1,"minecraft:sandstone":1,"comforts:sleeping_bag_white":1,"minecraft:furnace":5,"minecraft:iron_ore":21,"minecraft:andesite":16,"minecraft:deepslate_iron_ore":2,"minecraft:stone":111,"minecraft:kelp_plant":3,"cobblemon:apricorn_leaves":24,"minecraft:crafting_table":9,"minecraft:torch":1,"minecraft:chest":2,"minecraft:tall_grass":22,"minecraft:copper_ore":1,"minecraft:cobblestone":24,"minecraft:cyan_bed":3,"minecraft:diorite":18,"cobblemon:relic_coin_pouch":2,"supplementaries:urn":8,"minecraft:birch_planks":3,"minecraft:birch_log":7,"minecraft:lilac":8,"minecraft:birch_leaves":13,"minecraft:grass":92,"minecraft:coal_ore":9,"minecraft:oak_log":4,"minecraft:dirt":23,"minecraft:sand":12,"minecraft:gravel":2,"minecraft:cracked_stone_bricks":2,"cobblemon:sun_stone_ore":1,"minecraft:stone_bricks":1,"minecraft:oak_leaves":10,"minecraft:deepslate":18,"minecraft:fern":1},"minecraft:killed_by":{"alexsmobs:bison":1,"minecraft:skeleton":1,"iceandfire:lightning_dragon":2,"minecraft:zombie":1,"iceandfire:cockatrice":1},"minecraft:dropped":{"minecraft:wheat_seeds":10,"minecraft:lilac":16,"minecraft:oak_log":4,"cobblemon:max_revive":1,"iceandfire:armor_copper_metal_chestplate":1,"minecraft:cobblestone":5,"cobblemon:potion":1,"minecraft:leather":1,"minecraft:apple":5,"minecraft:cracked_stone_bricks":2,"minecraft:acacia_log":1,"cobblemon:vivichoke_seeds":1,"minecraft:stick":10,"minecraft:dirt":15,"minecraft:diorite":10,"tombstone:grave_key":1,"tombstone:grave_dust":2,"minecraft:sand":9,"paraglider:paraglider":1,"minecraft:string":2,"minecraft:white_wool":4,"minecraft:gravel":1,"minecraft:stone_sword":1,"alexsmobs:animal_dictionary":2,"minecraft:cobbled_deepslate":4,"minecraft:rotten_flesh":6,"cobblemon:yellow_apricorn":1,"minecraft:filled_map":3,"cobblemon:remedy":1,"minecraft:andesite":1,"minecraft:ladder":1,"minecraft:chest":1,"minecraft:stone_bricks":1,"comforts:sleeping_bag_white":1,"minecraft:stone_pickaxe":1,"minecraft:wooden_pickaxe":1,"artifacts:scarf_of_invisibility":1,"minecraft:cyan_bed":3,"iceandfire:dragon_skull_lightning":2},"minecraft:picked_up":{"iceandfire:dragon_skull_lightning":4,"cobblemon:remedy":1,"minecraft:crafting_table":11,"iceandfire:copper_sword":1,"minecraft:ladder":3,"cobblemon:yellow_apricorn":1,"cobblemon:red_apricorn":4,"iceandfire:armor_copper_metal_chestplate":1,"tombstone:grave_key":1,"minecraft:string":4,"minecraft:cracked_stone_bricks":2,"minecraft:cobbled_deepslate":12,"cobblemon:green_apricorn":4,"comforts:sleeping_bag_white":12,"minecraft:beef":17,"cobblemon:oran_berry":1,"cobblemon:relic_coin":17,"minecraft:chest":2,"minecraft:birch_sapling":2,"minecraft:furnace":4,"iceandfire:dragonbone":25,"minecraft:stick":2,"minecraft:raw_iron":22,"minecraft:sandstone":1,"supplementaries:speaker_block":2,"minecraft:copper_ingot":1,"minecraft:torch":1,"minecraft:acacia_log":1,"cobblemon:rawst_berry":3,"cobblemon:vivichoke_seeds":1,"tombstone:grave_dust":2,"minecraft:diorite":17,"minecraft:stone_sword":1,"minecraft:arrow":2,"minecraft:rotten_flesh":13,"supplementaries:ash":1,"cobblemon:blue_apricorn":4,"minecraft:mutton":4,"minecraft:nautilus_shell":1,"minecraft:white_wool":7,"alexsmobs:lobster_tail":2,"minecraft:cobblestone":112,"paraglider:paraglider":1,"minecraft:birch_log":7,"minecraft:feather":3,"minecraft:cooked_beef":2,"minecraft:lilac":16,"minecraft:andesite":16,"minecraft:leather":8,"minecraft:filled_map":2,"minecraft:birch_planks":3,"minecraft:oak_log":8,"iceandfire:ectoplasm":5,"minecraft:dirt":33,"minecraft:bone":24,"minecraft:apple":5,"minecraft:stone_bricks":1,"minecraft:kelp":11,"minecraft:wheat_seeds":18,"cobblemon:potion":1,"cobblemon:sun_stone":1,"cobblemon:azure_ball":4,"iceandfire:copper_nugget":78,"minecraft:cooked_porkchop":1,"minecraft:gravel":1,"cobblemon:cheri_berry":4,"iceandfire:shiny_scales":3,"minecraft:sand":10,"cobblemon:pink_apricorn":5,"minecraft:cyan_bed":6,"artifacts:scarf_of_invisibility":1,"alexsmobs:animal_dictionary":2,"minecraft:diamond":2,"waystones:waystone":1,"tombstone:magic_scroll":1,"minecraft:coal":12,"iceandfire:raw_silver":1},"minecraft:used":{"minecraft:stone_sword":84,"minecraft:ladder":2,"minecraft:chest":1,"minecraft:shield":7,"minecraft:iron_chestplate":1,"minecraft:torch":1,"minecraft:dirt":17,"minecraft:mutton":4,"minecraft:grass_block":5,"minecraft:iron_helmet":1,"minecraft:iron_boots":1,"supplementaries:speaker_block":1,"minecraft:beef":6,"minecraft:furnace":3,"minecraft:cooked_cod":3,"tombstone:gift":5,"comforts:sleeping_bag_white":11,"minecraft:cooked_beef":7,"minecraft:cobbled_deepslate":8,"minecraft:iron_leggings":1,"minecraft:diorite":7,"minecraft:birch_planks":3,"minecraft:birch_leaves":1,"minecraft:stone_pickaxe":127,"minecraft:wooden_pickaxe":8,"minecraft:sandstone":1,"iceandfire:dragon_skull_lightning":2,"minecraft:white_wool":1,"minecraft:sand":1,"minecraft:crafting_table":11,"minecraft:apple":5,"minecraft:cyan_bed":2,"minecraft:iron_pickaxe":109,"tombstone:magic_scroll":1,"minecraft:stone_axe":40,"minecraft:diamond_sword":156,"minecraft:cobblestone":73,"minecraft:cooked_porkchop":1,"minecraft:birch_log":2,"minecraft:andesite":15,"minecraft:oak_boat":1},"minecraft:custom":{"minecraft:mob_kills":42,"minecraft:interact_with_crafting_table":20,"minecraft:open_barrel":2,"minecraft:bell_ring":2,"minecraft:leave_game":1,"minecraft:time_since_death":2268,"minecraft:climb_one_cm":2502,"minecraft:sprint_one_cm":216910,"minecraft:walk_one_cm":294965,"minecraft:damage_blocked_by_shield":140,"minecraft:drop":70,"minecraft:damage_dealt_absorbed":29,"minecraft:talked_to_villager":1,"minecraft:play_time":194846,"minecraft:deaths":8,"minecraft:sneak_time":5889,"minecraft:walk_under_water_one_cm":41262,"minecraft:boat_one_cm":52616,"minecraft:jump":2414,"minecraft:walk_on_water_one_cm":46992,"minecraft:total_world_time":194846,"minecraft:interact_with_furnace":24,"minecraft:interact_with_cartography_table":1,"minecraft:sleep_in_bed":12,"minecraft:time_since_rest":2097,"minecraft:waystone_activated":1,"minecraft:damage_taken":7369,"minecraft:trigger_trapped_chest":1,"minecraft:damage_dealt":8978,"minecraft:swim_one_cm":149656,"minecraft:fly_one_cm":505903,"minecraft:open_chest":11,"minecraft:crouch_one_cm":10559,"tombstone:undead_killed":11,"minecraft:fall_one_cm":63935}},"DataVersion":3465}