{"stats":{"minecraft:broken":{"minecraft:iron_hoe":1,"iceandfire:armor_amythest_helmet":1,"minecraft:shield":1,"minecraft:iron_pickaxe":1,"minecraft:iron_helmet":1},"minecraft:custom":{"minecraft:interact_with_crafting_table":64,"minecraft:open_barrel":5,"goblintraders:trade_with_goblin":3,"minecraft:bell_ring":6,"minecraft:leave_game":6,"minecraft:time_since_death":12410,"minecraft:sprint_one_cm":665608,"minecraft:damage_blocked_by_shield":2912,"minecraft:drop":215,"minecraft:talked_to_villager":28,"minecraft:play_time":602698,"minecraft:deaths":24,"minecraft:jump":8404,"minecraft:interact_with_brewingstand":1,"minecraft:walk_on_water_one_cm":97987,"minecraft:interact_with_furnace":35,"minecraft:traded_with_villager":56,"minecraft:interact_with_cartography_table":1,"minecraft:sleep_in_bed":31,"minecraft:waystone_activated":4,"minecraft:damage_dealt":35005,"minecraft:crouch_one_cm":24181,"tombstone:undead_killed":42,"tombstone:villager_killed":1,"minecraft:mob_kills":113,"tombstone:use_vanishing":1,"minecraft:climb_one_cm":13309,"minecraft:walk_one_cm":911265,"minecraft:damage_dealt_absorbed":149,"minecraft:raid_win":1,"minecraft:sneak_time":13226,"minecraft:walk_under_water_one_cm":95330,"minecraft:boat_one_cm":88771,"minecraft:total_world_time":602698,"tombstone:raider_killed":17,"minecraft:raid_trigger":1,"minecraft:time_since_rest":2571,"minecraft:damage_taken":27572,"minecraft:trigger_trapped_chest":3,"minecraft:swim_one_cm":216304,"minecraft:fly_one_cm":1783294,"minecraft:open_chest":63,"minecraft:fall_one_cm":234595},"minecraft:used":{"minecraft:diamond_hoe":290,"minecraft:chest":2,"minecraft:shield":80,"minecraft:ladder":7,"minecraft:iron_chestplate":1,"paraglider:goddess_statue":1,"minecraft:mutton":4,"iceandfire:armor_black_helmet":1,"minecraft:grass_block":5,"minecraft:iron_helmet":1,"iceandfire:armor_amythest_boots":1,"minecraft:furnace":6,"minecraft:cooked_cod":5,"minecraft:potato":20,"minecraft:diorite":13,"minecraft:birch_leaves":1,"minecraft:oak_planks":5,"minecraft:stone_pickaxe":127,"minecraft:wooden_pickaxe":8,"minecraft:sandstone":1,"minecraft:diamond_axe":2,"minecraft:white_wool":1,"minecraft:sand":1,"minecraft:yellow_terracotta":1,"tombstone:dust_of_vanishing":1,"minecraft:light_gray_terracotta":1,"minecraft:shears":3,"immersive_paintings:graffiti":3,"waystones:waystone":2,"minecraft:birch_slab":1,"minecraft:bread":20,"minecraft:cyan_bed":7,"minecraft:red_terracotta":2,"tombstone:grave_key":7,"minecraft:gravel":2,"minecraft:diamond_sword":775,"minecraft:andesite":15,"minecraft:birch_log":2,"minecraft:oak_boat":3,"minecraft:bone_meal":60,"minecraft:experience_bottle":9,"minecraft:stone_sword":84,"minecraft:stick":4,"minecraft:torch":49,"minecraft:brewing_stand":1,"minecraft:dirt":56,"minecraft:iron_hoe":250,"paraglider:horned_statue":1,"minecraft:iron_boots":1,"supplementaries:speaker_block":1,"cobblemon:revival_herb":1,"cobblemon:pc":1,"minecraft:beef":9,"tombstone:gift":10,"comforts:sleeping_bag_white":27,"minecraft:cooked_beef":18,"minecraft:cobbled_deepslate":9,"minecraft:orange_terracotta":15,"minecraft:iron_leggings":1,"minecraft:water_bucket":8,"minecraft:birch_planks":4,"minecraft:bundle":1,"iceandfire:dragon_skull_lightning":2,"minecraft:cracked_stone_bricks":2,"minecraft:mossy_cobblestone":3,"minecraft:terracotta":42,"minecraft:crafting_table":29,"minecraft:white_bed":7,"minecraft:diamond_pickaxe":85,"minecraft:apple":12,"minecraft:iron_pickaxe":250,"tombstone:magic_scroll":1,"minecraft:stone_axe":65,"minecraft:fishing_rod":2,"minecraft:cobblestone":124,"minecraft:potion":1,"minecraft:cooked_porkchop":1,"minecraft:bucket":8,"cobblemon:blue_apricorn_seed":6},"minecraft:killed_by":{"minecraft:zombie":1,"iceandfire:fire_dragon":2,"alexsmobs:bison":1,"minecraft:skeleton":1,"iceandfire:lightning_dragon":11,"iceandfire:cockatrice":1},"minecraft:killed":{"alexsmobs:lobster":2,"minecraft:witch":2,"minecraft:spider":8,"minecraft:skeleton":11,"artifacts:mimic":1,"minecraft:zombie_villager":1,"minecraft:creeper":1,"iceandfire:cockatrice":1,"minecraft:trader_llama":2,"minecraft:pillager":11,"minecraft:zombie":25,"iceandfire:lightning_dragon":3,"minecraft:cow":6,"alexsmobs:raccoon":2,"minecraft:vindicator":4,"alexsmobs:seagull":2,"alexsmobs:rattlesnake":1,"alexsmobs:gorilla":1,"minecraft:horse":5,"iceandfire:fire_dragon":1,"alexsmobs:bison":2,"iceandfire:hippocampus":1,"cobblemon:pokemon":11,"minecraft:wandering_trader":1,"alexsmobs:elephant":1,"iceandfire:ghost":5},"minecraft:dropped":{"iceandfire:raw_silver":1,"minecraft:birch_planks":1,"minecraft:oak_log":4,"cobblemon:blue_apricorn":6,"minecraft:crafting_table":2,"minecraft:glass_bottle":3,"minecraft:diamond":1,"cobblemon:sun_stone":2,"minecraft:leather":2,"iceandfire:ectoplasm":6,"minecraft:cracked_stone_bricks":2,"minecraft:saddle":1,"minecraft:birch_slab":6,"cobblemon:vivichoke_seeds":1,"iceandfire:graveyard_soil":2,"minecraft:flint":1,"minecraft:emerald":8,"minecraft:dirt":21,"cobblemon:dawn_stone":4,"minecraft:mutton":1,"cobblemon:green_apricorn":6,"minecraft:sand":19,"paraglider:paraglider":1,"minecraft:fishing_rod":1,"minecraft:white_wool":4,"cobblemon:red_apricorn":16,"minecraft:gravel":3,"alexsmobs:animal_dictionary":2,"minecraft:cobbled_deepslate":4,"minecraft:wheat":9,"cobblemon:cheri_berry":8,"minecraft:rotten_flesh":18,"iceandfire:crackled_gravel":10,"paraglider:deku_leaf":2,"iceandfire:shiny_scales":3,"minecraft:rabbit_hide":1,"minecraft:leather_chestplate":1,"supplementaries:ash":9,"minecraft:gunpowder":11,"cobblemon:rawst_berry":3,"minecraft:beetroot_seeds":3,"iceandfire:bestiary":1,"minecraft:chest":1,"minecraft:ladder":1,"cobblemon:fire_stone":1,"comforts:sleeping_bag_white":3,"artifacts:scarf_of_invisibility":1,"iceandfire:manuscript":6,"minecraft:iron_ingot":1,"minecraft:wheat_seeds":39,"minecraft:lilac":16,"minecraft:mossy_cobblestone":1,"cobblemon:max_revive":1,"iceandfire:armor_copper_metal_chestplate":2,"minecraft:feather":5,"minecraft:cobblestone":12,"immersive_paintings:graffiti":5,"cobblemon:potion":3,"iceandfire:dragon_stick":2,"minecraft:apple":6,"cobblemon:water_stone":1,"minecraft:copper_ingot":32,"minecraft:acacia_log":1,"cobblemon:oran_berry":2,"minecraft:stick":10,"cobblemon:pink_apricorn":6,"minecraft:diorite":10,"iceandfire:dragonscales_black":1,"iceandfire:crackled_dirt":2,"iceandfire:copper_nugget":46,"tombstone:grave_key":1,"iceandfire:silver_sword":1,"minecraft:rabbit":1,"tombstone:grave_dust":2,"minecraft:iron_leggings":3,"iceandfire:crackled_grass":4,"minecraft:string":5,"minecraft:dandelion":1,"minecraft:kelp":11,"iceandfire:lightning_dragon_heart":2,"minecraft:stone_sword":1,"cobblemon:azure_ball":2,"minecraft:chicken":1,"cobblemon:yellow_apricorn":1,"minecraft:iron_boots":2,"minecraft:filled_map":4,"alexsmobs:lobster_tail":2,"iceandfire:copper_sword":1,"cobblemon:remedy":1,"minecraft:iron_chestplate":3,"minecraft:andesite":2,"iceandfire:silver_ingot":2,"minecraft:oak_sapling":1,"minecraft:spider_eye":2,"minecraft:stone_bricks":1,"minecraft:stripped_cherry_log":128,"minecraft:stone_pickaxe":1,"minecraft:wooden_pickaxe":1,"waystones:waystone":1,"minecraft:nautilus_shell":1,"minecraft:cyan_bed":3,"iceandfire:dragon_skull_lightning":3,"supplementaries:flute":1},"minecraft:picked_up":{"cobblemon:remedy":1,"minecraft:iron_chestplate":2,"minecraft:wheat":9,"iceandfire:copper_sword":1,"minecraft:lead":4,"cobblemon:red_apricorn":24,"iceandfire:armor_copper_metal_chestplate":1,"minecraft:potion":1,"minecraft:enchanted_book":1,"iceandfire:myrmex_jungle_chitin":5,"tombstone:grave_key":1,"minecraft:brewing_stand":1,"iceandfire:manuscript":8,"paraglider:goddess_statue":1,"minecraft:string":13,"minecraft:iron_leggings":2,"paraglider:deku_leaf":2,"alexsmobs:emu_feather":1,"minecraft:gold_nugget":420,"minecraft:cobbled_deepslate":13,"comforts:sleeping_bag_white":30,"cobblemon:oran_berry":3,"minecraft:cobblestone_slab":1,"cobblemon:big_root":6,"alexsmobs:raccoon_tail":1,"minecraft:iron_boots":1,"minecraft:furnace":4,"minecraft:stick":20,"supplementaries:speaker_block":2,"iceandfire:crackled_dirt":1,"minecraft:torch":71,"minecraft:acacia_log":1,"iceandfire:lightning_dragon_flesh":5,"cobblemon:nanab_berry":1,"iceandfire:crackled_gravel":9,"tombstone:grave_dust":4,"minecraft:diorite":35,"minecraft:stone_sword":1,"minecraft:rotten_flesh":40,"iceandfire:fire_dragon_heart":1,"iceandfire:crackled_grass":2,"minecraft:white_terracotta":1,"supplementaries:ash":17,"cobblemon:verdant_ball":2,"alexsmobs:lobster_tail":4,"minecraft:cobblestone":280,"minecraft:nautilus_shell":1,"paraglider:paraglider":1,"minecraft:birch_log":7,"iceandfire:dragonscales_black":25,"minecraft:cooked_beef":5,"minecraft:feather":5,"minecraft:lilac":16,"minecraft:birch_slab":6,"minecraft:andesite":18,"cobblemon:roseate_ball":1,"minecraft:flint":3,"supplementaries:flax_seeds":2,"iceandfire:dragonscales_bronze":18,"alexsmobs:mosquito_larva":1,"minecraft:lapis_lazuli":2,"minecraft:dirt":77,"minecraft:bone":31,"minecraft:bow":2,"cobblemon:black_apricorn":8,"minecraft:wheat_seeds":56,"immersive_paintings:graffiti":4,"cobblemon:potion":3,"cobblemon:thunder_stone":1,"minecraft:rabbit":1,"minecraft:bamboo":12,"minecraft:oak_planks":2,"iceandfire:dragonscales_amythest":23,"cobblemon:sun_stone":3,"minecraft:cooked_porkchop":1,"alexsmobs:shark_tooth":2,"cobblemon:fire_stone":2,"cobblemon:shiny_stone":1,"iceandfire:dragon_skull_fire":1,"iceandfire:shiny_scales":6,"minecraft:sand":23,"cobblemon:persim_berry":6,"iceandfire:lightning_dragon_heart":5,"minecraft:cyan_bed":7,"minecraft:red_terracotta":2,"alexsmobs:animal_dictionary":2,"minecraft:mossy_cobblestone":4,"minecraft:bundle":2,"minecraft:light_gray_terracotta":1,"minecraft:diamond":16,"cobblemon:poke_ball":42,"waystones:waystone":3,"alexsmobs:rattlesnake_rattle":1,"minecraft:emerald":19,"minecraft:bread":5,"minecraft:oak_sapling":2,"iceandfire:silver_nugget":10,"iceandfire:raw_silver":3,"minecraft:fishing_rod":1,"iceandfire:dragon_skull_lightning":7,"minecraft:crafting_table":30,"minecraft:chicken":1,"minecraft:ladder":12,"cobblemon:yellow_apricorn":1,"minecraft:stripped_cherry_log":64,"paraglider:heart_container":1,"minecraft:chain":2,"cobblemon:white_apricorn":10,"iceandfire:graveyard_soil":2,"minecraft:cracked_stone_bricks":4,"iceandfire:bestiary":1,"cobblemon:green_apricorn":14,"minecraft:beef":20,"minecraft:oak_boat":3,"cobblemon:relic_coin":17,"minecraft:poppy":7,"minecraft:chest":2,"iceandfire:dragonscales_electric":20,"minecraft:birch_sapling":2,"minecraft:raw_iron":25,"minecraft:sandstone":1,"iceandfire:dragonbone":76,"minecraft:copper_ingot":1,"sophisticatedbackpacks:backpack":1,"cobblemon:rawst_berry":3,"cobblemon:vivichoke_seeds":1,"minecraft:carrot":1,"minecraft:redstone":1,"cobblemon:dawn_stone":9,"minecraft:arrow":7,"minecraft:cooked_cod":2,"minecraft:beetroot_seeds":3,"minecraft:hay_block":16,"minecraft:yellow_terracotta":8,"minecraft:saddle":2,"minecraft:totem_of_undying":1,"paraglider:horned_statue":1,"minecraft:mutton":5,"cobblemon:blue_apricorn":40,"iceandfire:armor_black_chestplate":1,"minecraft:white_wool":8,"minecraft:birch_leaves":3,"minecraft:air":5,"minecraft:leather":11,"minecraft:filled_map":3,"minecraft:birch_planks":3,"alexsmobs:cachalot_whale_tooth":1,"minecraft:oak_log":11,"iceandfire:ectoplasm":12,"minecraft:gunpowder":15,"minecraft:white_banner":6,"tombstone:gift":1,"minecraft:orange_terracotta":15,"minecraft:apple":7,"minecraft:stone_bricks":1,"minecraft:kelp":11,"iceandfire:dragon_stick":2,"minecraft:rabbit_hide":1,"minecraft:iron_ingot":12,"artifacts:steadfast_spikes":1,"minecraft:glass_bottle":1,"iceandfire:fire_dragon_flesh":4,"cobblemon:azure_ball":42,"iceandfire:copper_nugget":664,"cobblemon:black_apricorn_seed":2,"minecraft:dandelion":2,"cobblemon:blue_apricorn_seed":6,"minecraft:gravel":5,"cobblemon:cheri_berry":12,"cobblemon:pink_apricorn":19,"minecraft:white_bed":7,"artifacts:scarf_of_invisibility":2,"minecraft:spider_eye":4,"minecraft:terracotta":42,"tombstone:magic_scroll":1,"cobblemon:water_stone":1,"minecraft:coal":14},"minecraft:crafted":{"minecraft:smooth_stone":2,"minecraft:oak_planks":13,"iceandfire:armor_electric_chestplate":1,"iceandfire:armor_amythest_chestplate":1,"iceandfire:armor_amythest_leggings":1,"minecraft:birch_slab":6,"minecraft:stone":2,"iceandfire:armor_electric_leggings":1,"paraglider:deku_leaf":1,"minecraft:glass":3,"minecraft:iron_boots":1,"iceandfire:armor_black_helmet":4,"cobblemon:azure_ball":12,"supplementaries:flute":2,"sophisticatedbackpacks:backpack":1,"minecraft:emerald":24,"minecraft:diamond_axe":1,"minecraft:crafting_table":3,"minecraft:wooden_pickaxe":1,"cobblemon:verdant_ball":4,"minecraft:iron_helmet":1,"minecraft:copper_ingot":65,"minecraft:birch_planks":6,"cobblemon:poke_ball":2,"minecraft:iron_chestplate":1,"minecraft:diamond_pickaxe":1,"minecraft:shield":1,"minecraft:stick":24,"minecraft:iron_ingot":28,"minecraft:iron_pickaxe":1,"minecraft:stone_sword":1,"minecraft:gold_ingot":49,"minecraft:shears":1,"minecraft:redstone":20,"minecraft:diamond_hoe":1,"minecraft:experience_bottle":7,"comforts:sleeping_bag_white":1,"iceandfire:dragon_stick":1,"minecraft:furnace":2,"iceandfire:armor_amythest_helmet":1,"minecraft:bone_meal":20,"cobblemon:premier_ball":4,"immersive_paintings:graffiti":8,"minecraft:iron_hoe":1,"minecraft:ender_pearl":4,"minecraft:stone_pickaxe":1,"iceandfire:armor_black_chestplate":3,"iceandfire:armor_electric_helmet":1,"minecraft:wheat":34,"minecraft:cooked_beef":11,"minecraft:red_dye":7,"paraglider:paraglider":1,"iceandfire:armor_black_leggings":3,"minecraft:diamond_sword":1,"iceandfire:armor_black_boots":4,"cobblemon:pc":1,"iceandfire:armor_amythest_boots":1,"minecraft:bucket":1,"cobblemon:roseate_ball":4,"minecraft:stone_axe":1,"minecraft:glowstone":5,"minecraft:bread":45,"minecraft:air":455,"minecraft:oak_boat":1,"iceandfire:bestiary":1,"minecraft:white_wool":6,"minecraft:iron_leggings":1,"minecraft:white_bed":1,"minecraft:torch":6,"minecraft:lapis_lazuli":6},"minecraft:mined":{"minecraft:white_bed":7,"cobblemon:dawn_stone_ore":5,"iceandfire:copper_pile":38,"minecraft:sculk_vein":36,"minecraft:jungle_leaves":1,"cobblemon:big_root":5,"minecraft:brewing_stand":1,"minecraft:granite":2,"cobblemon:pink_apricorn":1,"minecraft:grass_block":34,"supplementaries:speaker_block":1,"comforts:sleeping_bag_white":2,"minecraft:sculk_catalyst":1,"minecraft:iron_ore":24,"supplementaries:stick":6,"iceandfire:gold_pile":45,"cobblemon:pecha_berry":1,"minecraft:kelp_plant":3,"iceandfire:myrmex_resin_jungle":1,"minecraft:orange_terracotta":6,"cobblemon:apricorn_leaves":34,"minecraft:torch":3,"minecraft:light_gray_terracotta":1,"minecraft:poppy":7,"iceandfire:ghost_chest":1,"minecraft:chest":2,"minecraft:dead_bush":1,"minecraft:white_stained_glass_pane":1,"minecraft:cobblestone":28,"minecraft:cyan_bed":4,"minecraft:wall_torch":2,"minecraft:white_terracotta":1,"minecraft:chain":2,"paraglider:horned_statue":1,"minecraft:birch_log":7,"minecraft:lilac":8,"cobblemon:deepslate_thunder_stone_ore":1,"cobblemon:persim_berry":3,"minecraft:grass":319,"minecraft:oak_log":7,"minecraft:sand":15,"minecraft:dirt":35,"minecraft:oak_leaves":23,"minecraft:deepslate":23,"minecraft:suspicious_gravel":1,"minecraft:yellow_terracotta":8,"iceandfire:silver_ore":2,"minecraft:mossy_cobblestone":4,"cobblemon:shiny_stone_ore":1,"minecraft:deepslate_diamond_ore":15,"minecraft:ladder":9,"iceandfire:chared_dirt":1,"minecraft:sandstone":1,"minecraft:hay_block":16,"minecraft:furnace":5,"minecraft:andesite":21,"minecraft:cobblestone_slab":1,"minecraft:deepslate_iron_ore":2,"minecraft:vine":2,"iceandfire:myrmex_resin_sticky_jungle":1,"minecraft:bamboo":1,"minecraft:stone":219,"minecraft:dandelion":1,"minecraft:crafting_table":27,"minecraft:emerald_ore":5,"minecraft:sculk_sensor":4,"minecraft:copper_ore":1,"minecraft:tall_grass":27,"minecraft:sculk":620,"minecraft:diorite":37,"cobblemon:relic_coin_pouch":2,"supplementaries:urn":15,"minecraft:birch_planks":3,"minecraft:red_terracotta":2,"minecraft:birch_leaves":16,"minecraft:coal_ore":11,"iceandfire:silver_pile":3,"minecraft:gravel":8,"minecraft:cobweb":1,"minecraft:cracked_stone_bricks":4,"minecraft:terracotta":21,"cobblemon:sun_stone_ore":1,"cobblemon:blue_apricorn_sapling":1,"minecraft:stone_bricks":1,"minecraft:fern":16,"paraglider:goddess_statue":1}},"DataVersion":3465}