{"stats":{"minecraft:crafted":{"paraglider:paraglider":1,"minecraft:crafting_table":1,"comforts:sleeping_bag_white":1,"minecraft:wooden_pickaxe":1,"minecraft:birch_slab":6,"minecraft:birch_planks":6,"minecraft:stone_axe":1,"minecraft:air":36,"minecraft:white_wool":2,"minecraft:stick":21,"minecraft:iron_pickaxe":1,"minecraft:stone_pickaxe":1,"minecraft:stone_sword":1},"minecraft:killed":{"alexsmobs:lobster":2,"cobblemon:pokemon":2,"minecraft:spider":2,"minecraft:skeleton":2,"minecraft:zombie":5,"minecraft:cow":4,"artifacts:mimic":1},"minecraft:mined":{"iceandfire:silver_ore":1,"minecraft:deepslate_diamond_ore":2,"minecraft:kelp_plant":3,"minecraft:crafting_table":3,"minecraft:granite":1,"minecraft:grass_block":5,"minecraft:chest":2,"minecraft:copper_ore":1,"minecraft:cobblestone":4,"minecraft:cyan_bed":1,"comforts:sleeping_bag_white":1,"supplementaries:urn":8,"minecraft:birch_planks":3,"minecraft:furnace":1,"minecraft:birch_log":7,"minecraft:iron_ore":13,"minecraft:lilac":8,"minecraft:birch_leaves":5,"minecraft:grass":12,"minecraft:coal_ore":9,"minecraft:deepslate_iron_ore":2,"minecraft:gravel":1,"minecraft:sand":12,"minecraft:dirt":6,"cobblemon:sun_stone_ore":1,"minecraft:stone":52,"minecraft:deepslate":18,"minecraft:oak_leaves":7},"minecraft:killed_by":{"minecraft:skeleton":1,"minecraft:zombie":1},"minecraft:dropped":{"minecraft:wheat_seeds":2,"minecraft:lilac":16,"minecraft:stone_sword":1,"alexsmobs:animal_dictionary":2,"cobblemon:max_revive":1,"minecraft:cobblestone":5,"cobblemon:potion":1,"minecraft:apple":5,"minecraft:stick":8,"minecraft:filled_map":3,"minecraft:dirt":5,"minecraft:chest":1,"tombstone:grave_dust":2,"minecraft:sand":9,"artifacts:scarf_of_invisibility":1},"minecraft:picked_up":{"minecraft:birch_log":7,"minecraft:crafting_table":4,"minecraft:lilac":16,"minecraft:leather":3,"minecraft:birch_planks":3,"minecraft:filled_map":2,"minecraft:string":2,"minecraft:dirt":9,"minecraft:apple":5,"minecraft:bone":22,"minecraft:kelp":11,"minecraft:wheat_seeds":2,"minecraft:cobbled_deepslate":12,"cobblemon:potion":1,"comforts:sleeping_bag_white":4,"minecraft:chest":2,"minecraft:birch_sapling":2,"minecraft:furnace":1,"cobblemon:sun_stone":1,"minecraft:raw_iron":14,"cobblemon:azure_ball":4,"minecraft:stick":1,"minecraft:cooked_porkchop":1,"minecraft:sand":10,"tombstone:grave_dust":1,"minecraft:cyan_bed":1,"artifacts:scarf_of_invisibility":1,"alexsmobs:animal_dictionary":2,"minecraft:stone_sword":1,"minecraft:arrow":2,"minecraft:rotten_flesh":8,"minecraft:diamond":2,"tombstone:magic_scroll":1,"alexsmobs:lobster_tail":2,"minecraft:mutton":2,"minecraft:coal":9,"iceandfire:raw_silver":1,"minecraft:white_wool":2,"minecraft:cobblestone":57},"minecraft:used":{"minecraft:stone_sword":84,"minecraft:birch_planks":3,"minecraft:birch_leaves":1,"minecraft:stone_pickaxe":88,"minecraft:chest":1,"minecraft:wooden_pickaxe":8,"minecraft:dirt":4,"minecraft:sand":1,"minecraft:mutton":2,"minecraft:crafting_table":4,"minecraft:apple":4,"minecraft:grass_block":5,"minecraft:iron_pickaxe":10,"minecraft:stone_axe":28,"minecraft:cobblestone":44,"minecraft:cooked_porkchop":1,"minecraft:cooked_cod":3,"minecraft:birch_log":2,"tombstone:gift":2,"comforts:sleeping_bag_white":4,"minecraft:cobbled_deepslate":4},"minecraft:custom":{"minecraft:interact_with_furnace":2,"minecraft:mob_kills":18,"minecraft:interact_with_cartography_table":1,"minecraft:interact_with_crafting_table":9,"minecraft:open_barrel":2,"minecraft:leave_game":1,"minecraft:time_since_death":28804,"minecraft:sleep_in_bed":4,"minecraft:time_since_rest":14041,"minecraft:sprint_one_cm":83562,"minecraft:damage_taken":4259,"minecraft:walk_one_cm":108194,"minecraft:drop":22,"minecraft:damage_dealt":3024,"minecraft:damage_dealt_absorbed":29,"minecraft:swim_one_cm":12695,"minecraft:fly_one_cm":139537,"minecraft:open_chest":8,"minecraft:crouch_one_cm":5113,"minecraft:play_time":92846,"tombstone:undead_killed":7,"minecraft:deaths":3,"minecraft:sneak_time":3089,"minecraft:walk_under_water_one_cm":5638,"minecraft:jump":899,"minecraft:walk_on_water_one_cm":21918,"minecraft:total_world_time":92846,"minecraft:fall_one_cm":25437}},"DataVersion":3465}