{"stats":{"minecraft:crafted":{"minecraft:oak_planks":4,"comforts:sleeping_bag_white":1,"minecraft:birch_slab":6,"minecraft:iron_boots":1,"minecraft:stone_pickaxe":1,"paraglider:paraglider":1,"minecraft:diamond_sword":1,"minecraft:crafting_table":1,"minecraft:wooden_pickaxe":1,"minecraft:iron_helmet":1,"minecraft:birch_planks":6,"minecraft:stone_axe":1,"minecraft:air":56,"minecraft:oak_boat":1,"minecraft:white_wool":2,"minecraft:iron_chestplate":1,"minecraft:stick":21,"minecraft:iron_pickaxe":1,"minecraft:iron_ingot":22,"minecraft:stone_sword":1,"minecraft:iron_leggings":1,"minecraft:torch":4},"minecraft:killed":{"alexsmobs:lobster":2,"minecraft:spider":2,"minecraft:horse":1,"minecraft:skeleton":2,"artifacts:mimic":1,"iceandfire:hippocampus":1,"cobblemon:pokemon":3,"minecraft:zombie":5,"minecraft:cow":4},"minecraft:mined":{"iceandfire:silver_ore":1,"minecraft:deepslate_diamond_ore":2,"minecraft:granite":1,"minecraft:grass_block":6,"supplementaries:speaker_block":1,"minecraft:sandstone":1,"comforts:sleeping_bag_white":1,"minecraft:furnace":2,"minecraft:iron_ore":21,"minecraft:andesite":15,"minecraft:deepslate_iron_ore":2,"minecraft:stone":111,"minecraft:kelp_plant":3,"minecraft:crafting_table":5,"minecraft:torch":1,"minecraft:chest":2,"minecraft:copper_ore":1,"minecraft:cobblestone":4,"minecraft:cyan_bed":1,"minecraft:diorite":18,"supplementaries:urn":8,"minecraft:birch_planks":3,"minecraft:birch_log":7,"minecraft:lilac":8,"minecraft:birch_leaves":7,"minecraft:grass":14,"minecraft:coal_ore":9,"minecraft:oak_log":4,"minecraft:dirt":22,"minecraft:sand":12,"minecraft:gravel":2,"cobblemon:sun_stone_ore":1,"minecraft:oak_leaves":10,"minecraft:deepslate":18},"minecraft:killed_by":{"minecraft:skeleton":1,"minecraft:zombie":1},"minecraft:dropped":{"minecraft:wheat_seeds":3,"minecraft:lilac":16,"minecraft:oak_log":4,"cobblemon:max_revive":1,"minecraft:cobblestone":5,"cobblemon:potion":1,"minecraft:apple":5,"minecraft:stick":9,"minecraft:dirt":14,"minecraft:diorite":10,"tombstone:grave_dust":2,"minecraft:sand":9,"paraglider:paraglider":1,"minecraft:white_wool":2,"minecraft:gravel":1,"minecraft:stone_sword":1,"alexsmobs:animal_dictionary":2,"minecraft:cobbled_deepslate":4,"cobblemon:yellow_apricorn":1,"minecraft:filled_map":3,"minecraft:chest":1,"minecraft:stone_pickaxe":1,"minecraft:wooden_pickaxe":1,"artifacts:scarf_of_invisibility":1},"minecraft:picked_up":{"minecraft:crafting_table":7,"cobblemon:yellow_apricorn":1,"minecraft:string":2,"minecraft:cobbled_deepslate":12,"comforts:sleeping_bag_white":5,"minecraft:chest":2,"minecraft:birch_sapling":2,"minecraft:furnace":2,"minecraft:stick":1,"minecraft:raw_iron":22,"minecraft:sandstone":1,"supplementaries:speaker_block":2,"minecraft:torch":1,"tombstone:grave_dust":1,"minecraft:diorite":17,"minecraft:stone_sword":1,"minecraft:arrow":2,"minecraft:rotten_flesh":8,"minecraft:mutton":2,"minecraft:white_wool":4,"alexsmobs:lobster_tail":2,"minecraft:cobblestone":96,"paraglider:paraglider":1,"minecraft:birch_log":7,"minecraft:cooked_beef":2,"minecraft:lilac":16,"minecraft:andesite":15,"minecraft:leather":4,"minecraft:filled_map":2,"minecraft:birch_planks":3,"minecraft:oak_log":8,"minecraft:dirt":26,"minecraft:bone":22,"minecraft:apple":5,"minecraft:kelp":11,"minecraft:wheat_seeds":3,"cobblemon:potion":1,"cobblemon:sun_stone":1,"cobblemon:azure_ball":4,"minecraft:cooked_porkchop":1,"minecraft:gravel":1,"iceandfire:shiny_scales":3,"minecraft:sand":10,"minecraft:cyan_bed":1,"artifacts:scarf_of_invisibility":1,"alexsmobs:animal_dictionary":2,"minecraft:diamond":2,"tombstone:magic_scroll":1,"minecraft:coal":9,"iceandfire:raw_silver":1},"minecraft:used":{"minecraft:stone_sword":84,"minecraft:chest":1,"minecraft:iron_chestplate":1,"minecraft:torch":1,"minecraft:dirt":12,"minecraft:mutton":2,"minecraft:grass_block":5,"minecraft:iron_helmet":1,"minecraft:iron_boots":1,"supplementaries:speaker_block":1,"minecraft:furnace":1,"minecraft:cooked_cod":3,"tombstone:gift":2,"comforts:sleeping_bag_white":5,"minecraft:cooked_beef":2,"minecraft:cobbled_deepslate":8,"minecraft:iron_leggings":1,"minecraft:diorite":7,"minecraft:birch_planks":3,"minecraft:birch_leaves":1,"minecraft:stone_pickaxe":127,"minecraft:wooden_pickaxe":8,"minecraft:sandstone":1,"minecraft:sand":1,"minecraft:crafting_table":6,"minecraft:apple":5,"minecraft:iron_pickaxe":79,"tombstone:magic_scroll":1,"minecraft:stone_axe":37,"minecraft:diamond_sword":19,"minecraft:cobblestone":46,"minecraft:cooked_porkchop":1,"minecraft:birch_log":2,"minecraft:andesite":15,"minecraft:oak_boat":1},"minecraft:custom":{"minecraft:mob_kills":21,"minecraft:interact_with_crafting_table":18,"minecraft:open_barrel":2,"minecraft:leave_game":1,"minecraft:time_since_death":52804,"minecraft:sprint_one_cm":102635,"minecraft:walk_one_cm":124228,"minecraft:drop":35,"minecraft:damage_dealt_absorbed":29,"minecraft:play_time":116846,"minecraft:deaths":3,"minecraft:sneak_time":3505,"minecraft:walk_under_water_one_cm":11201,"minecraft:boat_one_cm":48668,"minecraft:jump":1234,"minecraft:walk_on_water_one_cm":28165,"minecraft:total_world_time":116846,"minecraft:interact_with_furnace":13,"minecraft:interact_with_cartography_table":1,"minecraft:sleep_in_bed":5,"minecraft:time_since_rest":11350,"minecraft:damage_taken":4278,"minecraft:damage_dealt":4159,"minecraft:swim_one_cm":43767,"minecraft:fly_one_cm":187424,"minecraft:open_chest":8,"minecraft:crouch_one_cm":5169,"tombstone:undead_killed":7,"minecraft:fall_one_cm":29290}},"DataVersion":3465}