{"stats":{"minecraft:crafted":{"minecraft:oak_planks":4,"iceandfire:armor_amythest_chestplate":1,"comforts:sleeping_bag_white":1,"iceandfire:dragon_stick":1,"iceandfire:armor_amythest_leggings":1,"minecraft:birch_slab":6,"iceandfire:armor_amythest_helmet":1,"immersive_paintings:graffiti":8,"minecraft:iron_boots":1,"iceandfire:armor_black_helmet":1,"minecraft:stone_pickaxe":1,"cobblemon:azure_ball":4,"iceandfire:armor_black_chestplate":1,"minecraft:cooked_beef":11,"paraglider:paraglider":1,"minecraft:red_dye":7,"iceandfire:armor_black_leggings":1,"minecraft:diamond_sword":1,"sophisticatedbackpacks:backpack":1,"minecraft:crafting_table":1,"minecraft:wooden_pickaxe":1,"iceandfire:armor_black_boots":2,"minecraft:iron_helmet":1,"iceandfire:armor_amythest_boots":1,"minecraft:bucket":1,"minecraft:birch_planks":6,"minecraft:stone_axe":1,"minecraft:air":67,"minecraft:oak_boat":1,"minecraft:iron_chestplate":1,"iceandfire:bestiary":1,"minecraft:white_wool":6,"minecraft:shield":1,"minecraft:stick":21,"minecraft:iron_pickaxe":1,"minecraft:iron_ingot":22,"minecraft:stone_sword":1,"minecraft:iron_leggings":1,"minecraft:torch":4},"minecraft:killed":{"alexsmobs:lobster":2,"minecraft:spider":6,"alexsmobs:seagull":2,"alexsmobs:gorilla":1,"minecraft:horse":5,"minecraft:skeleton":6,"alexsmobs:bison":2,"artifacts:mimic":1,"iceandfire:hippocampus":1,"cobblemon:pokemon":11,"minecraft:creeper":1,"iceandfire:cockatrice":1,"minecraft:zombie":12,"iceandfire:ghost":1,"iceandfire:lightning_dragon":2,"minecraft:cow":5},"minecraft:mined":{"iceandfire:silver_ore":1,"minecraft:deepslate_diamond_ore":2,"iceandfire:copper_pile":3,"minecraft:jungle_leaves":1,"minecraft:granite":1,"minecraft:grass_block":26,"cobblemon:pink_apricorn":1,"minecraft:sandstone":1,"supplementaries:speaker_block":1,"comforts:sleeping_bag_white":1,"minecraft:furnace":5,"minecraft:iron_ore":21,"minecraft:andesite":16,"supplementaries:stick":6,"minecraft:deepslate_iron_ore":2,"iceandfire:myrmex_resin_sticky_jungle":1,"minecraft:stone":111,"minecraft:kelp_plant":3,"iceandfire:myrmex_resin_jungle":1,"cobblemon:apricorn_leaves":24,"minecraft:crafting_table":14,"minecraft:torch":1,"minecraft:emerald_ore":1,"minecraft:poppy":7,"minecraft:chest":2,"minecraft:copper_ore":1,"minecraft:tall_grass":25,"minecraft:cobblestone":24,"minecraft:cyan_bed":4,"minecraft:diorite":18,"cobblemon:relic_coin_pouch":2,"supplementaries:urn":8,"minecraft:birch_planks":3,"minecraft:birch_log":7,"minecraft:lilac":8,"minecraft:birch_leaves":13,"minecraft:grass":130,"minecraft:coal_ore":9,"minecraft:oak_log":5,"minecraft:sand":12,"minecraft:gravel":2,"minecraft:dirt":24,"minecraft:cracked_stone_bricks":2,"cobblemon:sun_stone_ore":1,"minecraft:stone_bricks":1,"minecraft:oak_leaves":12,"minecraft:deepslate":18,"minecraft:fern":14},"minecraft:broken":{"minecraft:shield":1,"minecraft:iron_helmet":1},"minecraft:killed_by":{"alexsmobs:bison":1,"minecraft:skeleton":1,"iceandfire:lightning_dragon":10,"minecraft:zombie":1,"iceandfire:cockatrice":1},"minecraft:dropped":{"minecraft:wheat_seeds":20,"minecraft:lilac":16,"minecraft:oak_log":4,"minecraft:glass_bottle":2,"minecraft:crafting_table":2,"immersive_paintings:graffiti":5,"cobblemon:max_revive":1,"iceandfire:armor_copper_metal_chestplate":2,"minecraft:feather":4,"minecraft:cobblestone":11,"cobblemon:potion":1,"minecraft:leather":1,"minecraft:apple":6,"minecraft:cracked_stone_bricks":2,"minecraft:acacia_log":1,"minecraft:birch_slab":6,"cobblemon:oran_berry":1,"cobblemon:vivichoke_seeds":1,"minecraft:stick":10,"minecraft:dirt":21,"iceandfire:crackled_dirt":2,"minecraft:diorite":10,"iceandfire:dragonscales_black":1,"iceandfire:copper_nugget":46,"iceandfire:silver_sword":1,"tombstone:grave_key":1,"tombstone:grave_dust":2,"minecraft:iron_leggings":2,"iceandfire:crackled_grass":4,"minecraft:sand":9,"paraglider:paraglider":1,"minecraft:string":4,"minecraft:fishing_rod":1,"minecraft:white_wool":4,"minecraft:gravel":3,"minecraft:kelp":11,"minecraft:stone_sword":1,"alexsmobs:animal_dictionary":2,"minecraft:cobbled_deepslate":4,"cobblemon:cheri_berry":4,"cobblemon:yellow_apricorn":1,"minecraft:rotten_flesh":7,"minecraft:iron_boots":2,"iceandfire:crackled_gravel":10,"minecraft:filled_map":4,"minecraft:leather_chestplate":1,"supplementaries:ash":1,"iceandfire:copper_sword":1,"cobblemon:rawst_berry":3,"cobblemon:remedy":1,"minecraft:iron_chestplate":3,"minecraft:andesite":1,"minecraft:oak_sapling":1,"minecraft:ladder":1,"minecraft:chest":1,"minecraft:stone_bricks":1,"comforts:sleeping_bag_white":1,"minecraft:stone_pickaxe":1,"minecraft:wooden_pickaxe":1,"minecraft:nautilus_shell":1,"artifacts:scarf_of_invisibility":1,"minecraft:cyan_bed":3,"iceandfire:dragon_skull_lightning":2,"iceandfire:manuscript":6},"minecraft:picked_up":{"minecraft:fishing_rod":1,"iceandfire:dragon_skull_lightning":5,"cobblemon:remedy":1,"minecraft:iron_chestplate":2,"minecraft:crafting_table":18,"iceandfire:copper_sword":1,"minecraft:ladder":3,"cobblemon:yellow_apricorn":1,"cobblemon:red_apricorn":8,"iceandfire:armor_copper_metal_chestplate":1,"minecraft:potion":1,"iceandfire:myrmex_jungle_chitin":5,"tombstone:grave_key":1,"iceandfire:manuscript":3,"minecraft:string":10,"minecraft:iron_leggings":1,"minecraft:cracked_stone_bricks":2,"minecraft:cobbled_deepslate":12,"cobblemon:green_apricorn":6,"comforts:sleeping_bag_white":18,"minecraft:beef":17,"minecraft:oak_boat":2,"cobblemon:oran_berry":2,"cobblemon:relic_coin":17,"minecraft:poppy":7,"minecraft:chest":2,"minecraft:birch_sapling":2,"minecraft:iron_boots":1,"minecraft:furnace":4,"minecraft:raw_iron":22,"minecraft:stick":8,"minecraft:sandstone":1,"iceandfire:dragonbone":43,"supplementaries:speaker_block":2,"iceandfire:crackled_dirt":1,"minecraft:copper_ingot":1,"minecraft:torch":1,"minecraft:acacia_log":1,"sophisticatedbackpacks:backpack":1,"cobblemon:rawst_berry":3,"iceandfire:lightning_dragon_flesh":4,"iceandfire:crackled_gravel":9,"tombstone:grave_dust":2,"cobblemon:vivichoke_seeds":1,"minecraft:diorite":17,"minecraft:stone_sword":1,"minecraft:arrow":5,"minecraft:rotten_flesh":20,"minecraft:cooked_cod":2,"iceandfire:crackled_grass":2,"supplementaries:ash":1,"minecraft:mutton":4,"alexsmobs:lobster_tail":2,"minecraft:nautilus_shell":1,"iceandfire:armor_black_chestplate":1,"cobblemon:blue_apricorn":14,"paraglider:paraglider":1,"minecraft:white_wool":7,"minecraft:cobblestone":118,"minecraft:birch_log":7,"iceandfire:dragonscales_black":25,"minecraft:air":1,"minecraft:lilac":16,"minecraft:feather":4,"minecraft:cooked_beef":2,"minecraft:birch_slab":6,"minecraft:andesite":16,"minecraft:leather":8,"minecraft:birch_planks":3,"minecraft:filled_map":3,"minecraft:oak_log":9,"iceandfire:ectoplasm":5,"minecraft:gunpowder":1,"minecraft:dirt":60,"minecraft:bone":26,"minecraft:apple":7,"minecraft:stone_bricks":1,"minecraft:kelp":11,"minecraft:wheat_seeds":25,"immersive_paintings:graffiti":3,"cobblemon:potion":1,"minecraft:iron_ingot":12,"minecraft:glass_bottle":1,"iceandfire:dragonscales_amythest":23,"cobblemon:sun_stone":1,"cobblemon:azure_ball":6,"iceandfire:copper_nugget":306,"minecraft:cooked_porkchop":1,"cobblemon:blue_apricorn_seed":1,"minecraft:gravel":3,"cobblemon:cheri_berry":8,"iceandfire:shiny_scales":3,"minecraft:sand":10,"cobblemon:pink_apricorn":5,"minecraft:spider_eye":1,"iceandfire:lightning_dragon_heart":2,"minecraft:cyan_bed":7,"artifacts:scarf_of_invisibility":2,"alexsmobs:animal_dictionary":2,"minecraft:bundle":1,"minecraft:diamond":2,"waystones:waystone":1,"minecraft:emerald":1,"tombstone:magic_scroll":1,"minecraft:oak_sapling":2,"minecraft:coal":12,"iceandfire:raw_silver":1},"minecraft:used":{"minecraft:stone_sword":84,"minecraft:ladder":2,"minecraft:chest":1,"minecraft:shield":80,"minecraft:stick":4,"minecraft:iron_chestplate":1,"minecraft:torch":1,"minecraft:dirt":18,"minecraft:mutton":4,"minecraft:grass_block":5,"minecraft:iron_helmet":1,"minecraft:iron_boots":1,"supplementaries:speaker_block":1,"iceandfire:armor_amythest_boots":1,"minecraft:beef":6,"minecraft:cooked_cod":5,"minecraft:furnace":3,"tombstone:gift":5,"comforts:sleeping_bag_white":17,"minecraft:cooked_beef":18,"minecraft:cobbled_deepslate":8,"minecraft:iron_leggings":1,"minecraft:diorite":7,"minecraft:birch_leaves":1,"minecraft:birch_planks":3,"minecraft:oak_planks":5,"minecraft:stone_pickaxe":127,"minecraft:wooden_pickaxe":8,"minecraft:sandstone":1,"iceandfire:dragon_skull_lightning":2,"minecraft:white_wool":1,"minecraft:sand":1,"minecraft:crafting_table":16,"immersive_paintings:graffiti":2,"minecraft:apple":6,"minecraft:iron_pickaxe":110,"minecraft:cyan_bed":7,"tombstone:magic_scroll":1,"tombstone:grave_key":6,"minecraft:stone_axe":53,"minecraft:fishing_rod":2,"minecraft:diamond_sword":435,"minecraft:cobblestone":73,"minecraft:potion":1,"minecraft:cooked_porkchop":1,"minecraft:andesite":15,"minecraft:birch_log":2,"minecraft:oak_boat":3},"minecraft:custom":{"minecraft:mob_kills":61,"minecraft:interact_with_crafting_table":32,"minecraft:open_barrel":2,"minecraft:bell_ring":2,"minecraft:leave_game":3,"minecraft:time_since_death":71100,"minecraft:climb_one_cm":5892,"minecraft:sprint_one_cm":340263,"minecraft:walk_one_cm":443656,"minecraft:damage_blocked_by_shield":2912,"minecraft:drop":135,"minecraft:damage_dealt_absorbed":149,"minecraft:talked_to_villager":1,"minecraft:play_time":307102,"minecraft:deaths":16,"minecraft:sneak_time":7327,"minecraft:walk_under_water_one_cm":70768,"minecraft:boat_one_cm":88771,"minecraft:jump":4183,"minecraft:walk_on_water_one_cm":74192,"minecraft:total_world_time":307102,"minecraft:interact_with_furnace":24,"minecraft:interact_with_cartography_table":1,"minecraft:sleep_in_bed":18,"minecraft:waystone_activated":1,"minecraft:time_since_rest":6302,"minecraft:damage_taken":13500,"minecraft:trigger_trapped_chest":1,"minecraft:damage_dealt":18052,"minecraft:swim_one_cm":205123,"minecraft:fly_one_cm":924321,"minecraft:open_chest":32,"minecraft:crouch_one_cm":13588,"tombstone:undead_killed":19,"minecraft:fall_one_cm":128479}},"DataVersion":3465}